-11,-15,QM72UQWr8/h5WG9cGzVVIDbOm18=,PKsGmDU+826/1AtRtg1RceZ7wVM=
-11,-14,QM72UQWr8/h5WG9cGzVVIDbOm18=,PKsGmDU+826/1AtRtg1RceZ7wVM=
-10,-15,QM72UQWr8/h5WG9cGzVVIDbOm18=,PKsGmDU+826/1AtRtg1RceZ7wVM=
-10,-14,QM72UQWr8/h5WG9cGzVVIDbOm18=,PKsGmDU+826/1AtRtg1RceZ7wVM=
-15,-15,QM72UQWr8/h5WG9cGzVVIDbOm18=,5yh9foNNB4W3Ou683RvYpYodNaQ=
-14,-12,QM72UQWr8/h5WG9cGzVVIDbOm18=,+men8yJiQKoHpH0LfJ5tC2VUhqY=
-14,-15,QM72UQWr8/h5WG9cGzVVIDbOm18=,5yh9foNNB4W3Ou683RvYpYodNaQ=
-13,-14,QM72UQWr8/h5WG9cGzVVIDbOm18=,5yh9foNNB4W3Ou683RvYpYodNaQ=
-15,-12,QM72UQWr8/h5WG9cGzVVIDbOm18=,+men8yJiQKoHpH0LfJ5tC2VUhqY=
-14,-14,QM72UQWr8/h5WG9cGzVVIDbOm18=,5yh9foNNB4W3Ou683RvYpYodNaQ=
-15,-11,QM72UQWr8/h5WG9cGzVVIDbOm18=,+men8yJiQKoHpH0LfJ5tC2VUhqY=
-15,-14,QM72UQWr8/h5WG9cGzVVIDbOm18=,5yh9foNNB4W3Ou683RvYpYodNaQ=
-13,-15,QM72UQWr8/h5WG9cGzVVIDbOm18=,5yh9foNNB4W3Ou683RvYpYodNaQ=
-12,-14,QM72UQWr8/h5WG9cGzVVIDbOm18=,PKsGmDU+826/1AtRtg1RceZ7wVM=
-13,-12,QM72UQWr8/h5WG9cGzVVIDbOm18=,+men8yJiQKoHpH0LfJ5tC2VUhqY=
-14,-11,QM72UQWr8/h5WG9cGzVVIDbOm18=,+men8yJiQKoHpH0LfJ5tC2VUhqY=
-14,-10,QM72UQWr8/h5WG9cGzVVIDbOm18=,+men8yJiQKoHpH0LfJ5tC2VUhqY=
-12,-12,QM72UQWr8/h5WG9cGzVVIDbOm18=,9FiIZvFgUBQnvtdd1bKO/9LwnT0=
-15,-10,QM72UQWr8/h5WG9cGzVVIDbOm18=,+men8yJiQKoHpH0LfJ5tC2VUhqY=
-15,-13,QM72UQWr8/h5WG9cGzVVIDbOm18=,5yh9foNNB4W3Ou683RvYpYodNaQ=
-14,-13,QM72UQWr8/h5WG9cGzVVIDbOm18=,5yh9foNNB4W3Ou683RvYpYodNaQ=
-13,-13,QM72UQWr8/h5WG9cGzVVIDbOm18=,5yh9foNNB4W3Ou683RvYpYodNaQ=
-12,-15,QM72UQWr8/h5WG9cGzVVIDbOm18=,PKsGmDU+826/1AtRtg1RceZ7wVM=
-11,-10,QM72UQWr8/h5WG9cGzVVIDbOm18=,9FiIZvFgUBQnvtdd1bKO/9LwnT0=
-10,-10,QM72UQWr8/h5WG9cGzVVIDbOm18=,9FiIZvFgUBQnvtdd1bKO/9LwnT0=
-13,-10,QM72UQWr8/h5WG9cGzVVIDbOm18=,+men8yJiQKoHpH0LfJ5tC2VUhqY=
-12,-10,QM72UQWr8/h5WG9cGzVVIDbOm18=,9FiIZvFgUBQnvtdd1bKO/9LwnT0=
-10,-13,QM72UQWr8/h5WG9cGzVVIDbOm18=,PKsGmDU+826/1AtRtg1RceZ7wVM=
-10,-11,QM72UQWr8/h5WG9cGzVVIDbOm18=,9FiIZvFgUBQnvtdd1bKO/9LwnT0=
-11,-11,QM72UQWr8/h5WG9cGzVVIDbOm18=,9FiIZvFgUBQnvtdd1bKO/9LwnT0=
-11,-12,QM72UQWr8/h5WG9cGzVVIDbOm18=,9FiIZvFgUBQnvtdd1bKO/9LwnT0=
-11,-13,QM72UQWr8/h5WG9cGzVVIDbOm18=,PKsGmDU+826/1AtRtg1RceZ7wVM=
-12,-13,QM72UQWr8/h5WG9cGzVVIDbOm18=,PKsGmDU+826/1AtRtg1RceZ7wVM=
-12,-11,QM72UQWr8/h5WG9cGzVVIDbOm18=,9FiIZvFgUBQnvtdd1bKO/9LwnT0=
-10,-12,QM72UQWr8/h5WG9cGzVVIDbOm18=,9FiIZvFgUBQnvtdd1bKO/9LwnT0=
-11,-9,QM72UQWr8/h5WG9cGzVVIDbOm18=,9FiIZvFgUBQnvtdd1bKO/9LwnT0=
-13,-11,QM72UQWr8/h5WG9cGzVVIDbOm18=,+men8yJiQKoHpH0LfJ5tC2VUhqY=
-11,-6,QM72UQWr8/h5WG9cGzVVIDbOm18=,hkm1SumaXNuMn2tWq98ZS7la998=
-10,-6,QM72UQWr8/h5WG9cGzVVIDbOm18=,hkm1SumaXNuMn2tWq98ZS7la998=
-10,-9,QM72UQWr8/h5WG9cGzVVIDbOm18=,9FiIZvFgUBQnvtdd1bKO/9LwnT0=
-11,-8,QM72UQWr8/h5WG9cGzVVIDbOm18=,hkm1SumaXNuMn2tWq98ZS7la998=
-10,-7,QM72UQWr8/h5WG9cGzVVIDbOm18=,hkm1SumaXNuMn2tWq98ZS7la998=
-10,-8,QM72UQWr8/h5WG9cGzVVIDbOm18=,hkm1SumaXNuMn2tWq98ZS7la998=
-11,-7,QM72UQWr8/h5WG9cGzVVIDbOm18=,hkm1SumaXNuMn2tWq98ZS7la998=
-12,-9,QM72UQWr8/h5WG9cGzVVIDbOm18=,9FiIZvFgUBQnvtdd1bKO/9LwnT0=
-13,-6,QM72UQWr8/h5WG9cGzVVIDbOm18=,M3xrcftCCjwMb4eb7v1htL8nGZI=
-15,-9,QM72UQWr8/h5WG9cGzVVIDbOm18=,+men8yJiQKoHpH0LfJ5tC2VUhqY=
-14,-9,QM72UQWr8/h5WG9cGzVVIDbOm18=,+men8yJiQKoHpH0LfJ5tC2VUhqY=
-12,-6,QM72UQWr8/h5WG9cGzVVIDbOm18=,hkm1SumaXNuMn2tWq98ZS7la998=
-13,-9,QM72UQWr8/h5WG9cGzVVIDbOm18=,+men8yJiQKoHpH0LfJ5tC2VUhqY=
-14,-6,QM72UQWr8/h5WG9cGzVVIDbOm18=,M3xrcftCCjwMb4eb7v1htL8nGZI=
-12,-8,QM72UQWr8/h5WG9cGzVVIDbOm18=,hkm1SumaXNuMn2tWq98ZS7la998=
-15,-6,QM72UQWr8/h5WG9cGzVVIDbOm18=,M3xrcftCCjwMb4eb7v1htL8nGZI=
-15,-8,QM72UQWr8/h5WG9cGzVVIDbOm18=,M3xrcftCCjwMb4eb7v1htL8nGZI=
-6,-6,QM72UQWr8/h5WG9cGzVVIDbOm18=,joeeXkaOinnHrLNh/NIp8+n4T1Y=
-14,-8,QM72UQWr8/h5WG9cGzVVIDbOm18=,M3xrcftCCjwMb4eb7v1htL8nGZI=
-13,-7,QM72UQWr8/h5WG9cGzVVIDbOm18=,M3xrcftCCjwMb4eb7v1htL8nGZI=
-14,-7,QM72UQWr8/h5WG9cGzVVIDbOm18=,M3xrcftCCjwMb4eb7v1htL8nGZI=
-6,-7,QM72UQWr8/h5WG9cGzVVIDbOm18=,joeeXkaOinnHrLNh/NIp8+n4T1Y=
-12,-7,QM72UQWr8/h5WG9cGzVVIDbOm18=,hkm1SumaXNuMn2tWq98ZS7la998=
-13,-8,QM72UQWr8/h5WG9cGzVVIDbOm18=,M3xrcftCCjwMb4eb7v1htL8nGZI=
-15,-7,QM72UQWr8/h5WG9cGzVVIDbOm18=,M3xrcftCCjwMb4eb7v1htL8nGZI=
-8,-6,QM72UQWr8/h5WG9cGzVVIDbOm18=,joeeXkaOinnHrLNh/NIp8+n4T1Y=
-9,-6,Ps8kLIK8aP73XYanBflY3g6Q678=,hkm1SumaXNuMn2tWq98ZS7la998=
-9,-7,Ps8kLIK8aP73XYanBflY3g6Q678=,hkm1SumaXNuMn2tWq98ZS7la998=
-7,-7,Ps8kLIK8aP73XYanBflY3g6Q678=,joeeXkaOinnHrLNh/NIp8+n4T1Y=
-8,-7,Ps8kLIK8aP73XYanBflY3g6Q678=,joeeXkaOinnHrLNh/NIp8+n4T1Y=
-7,-6,Ps8kLIK8aP73XYanBflY3g6Q678=,joeeXkaOinnHrLNh/NIp8+n4T1Y=
-11,-5,Ps8kLIK8aP73XYanBflY3g6Q678=,hkm1SumaXNuMn2tWq98ZS7la998=
-10,-5,Ps8kLIK8aP73XYanBflY3g6Q678=,hkm1SumaXNuMn2tWq98ZS7la998=
-11,-4,Ps8kLIK8aP73XYanBflY3g6Q678=,q0QTwrYGmC2uaQcr1tERbrvdbC0=
-11,-3,Ps8kLIK8aP73XYanBflY3g6Q678=,q0QTwrYGmC2uaQcr1tERbrvdbC0=
-10,-4,Ps8kLIK8aP73XYanBflY3g6Q678=,q0QTwrYGmC2uaQcr1tERbrvdbC0=
-10,-3,Ps8kLIK8aP73XYanBflY3g6Q678=,q0QTwrYGmC2uaQcr1tERbrvdbC0=
-11,-2,Ps8kLIK8aP73XYanBflY3g6Q678=,q0QTwrYGmC2uaQcr1tERbrvdbC0=
-7,-4,Ps8kLIK8aP73XYanBflY3g6Q678=,aUIsHH8kSHlRhscfjRHvm38H1+o=
-9,-5,Ps8kLIK8aP73XYanBflY3g6Q678=,hkm1SumaXNuMn2tWq98ZS7la998=
-6,-4,Ps8kLIK8aP73XYanBflY3g6Q678=,aUIsHH8kSHlRhscfjRHvm38H1+o=
-10,-2,Ps8kLIK8aP73XYanBflY3g6Q678=,q0QTwrYGmC2uaQcr1tERbrvdbC0=
-6,-5,Ps8kLIK8aP73XYanBflY3g6Q678=,joeeXkaOinnHrLNh/NIp8+n4T1Y=
-8,-3,Ps8kLIK8aP73XYanBflY3g6Q678=,aUIsHH8kSHlRhscfjRHvm38H1+o=
-8,-4,Ps8kLIK8aP73XYanBflY3g6Q678=,aUIsHH8kSHlRhscfjRHvm38H1+o=
-9,-4,Ps8kLIK8aP73XYanBflY3g6Q678=,q0QTwrYGmC2uaQcr1tERbrvdbC0=
-9,-2,Ps8kLIK8aP73XYanBflY3g6Q678=,q0QTwrYGmC2uaQcr1tERbrvdbC0=
-8,-5,Ps8kLIK8aP73XYanBflY3g6Q678=,joeeXkaOinnHrLNh/NIp8+n4T1Y=
-9,-3,Ps8kLIK8aP73XYanBflY3g6Q678=,q0QTwrYGmC2uaQcr1tERbrvdbC0=
-7,-5,Ps8kLIK8aP73XYanBflY3g6Q678=,joeeXkaOinnHrLNh/NIp8+n4T1Y=
-6,-2,Ps8kLIK8aP73XYanBflY3g6Q678=,aUIsHH8kSHlRhscfjRHvm38H1+o=
-7,-2,Ps8kLIK8aP73XYanBflY3g6Q678=,aUIsHH8kSHlRhscfjRHvm38H1+o=
-8,-2,Ps8kLIK8aP73XYanBflY3g6Q678=,aUIsHH8kSHlRhscfjRHvm38H1+o=
-6,-3,Ps8kLIK8aP73XYanBflY3g6Q678=,aUIsHH8kSHlRhscfjRHvm38H1+o=
-7,-3,Ps8kLIK8aP73XYanBflY3g6Q678=,aUIsHH8kSHlRhscfjRHvm38H1+o=
-9,-10,Ps8kLIK8aP73XYanBflY3g6Q678=,9FiIZvFgUBQnvtdd1bKO/9LwnT0=
-7,-8,Ps8kLIK8aP73XYanBflY3g6Q678=,joeeXkaOinnHrLNh/NIp8+n4T1Y=
-6,-10,Ps8kLIK8aP73XYanBflY3g6Q678=,feYFxC02aHZVb7plHpVXnZOv2h8=
-8,-8,Ps8kLIK8aP73XYanBflY3g6Q678=,joeeXkaOinnHrLNh/NIp8+n4T1Y=
-7,-10,Ps8kLIK8aP73XYanBflY3g6Q678=,feYFxC02aHZVb7plHpVXnZOv2h8=
-8,-9,Ps8kLIK8aP73XYanBflY3g6Q678=,feYFxC02aHZVb7plHpVXnZOv2h8=
-8,-10,Ps8kLIK8aP73XYanBflY3g6Q678=,feYFxC02aHZVb7plHpVXnZOv2h8=
-7,-9,Ps8kLIK8aP73XYanBflY3g6Q678=,feYFxC02aHZVb7plHpVXnZOv2h8=
-9,-8,Ps8kLIK8aP73XYanBflY3g6Q678=,hkm1SumaXNuMn2tWq98ZS7la998=
-6,-11,Ps8kLIK8aP73XYanBflY3g6Q678=,feYFxC02aHZVb7plHpVXnZOv2h8=
-9,-9,Ps8kLIK8aP73XYanBflY3g6Q678=,9FiIZvFgUBQnvtdd1bKO/9LwnT0=
-9,-11,Ps8kLIK8aP73XYanBflY3g6Q678=,9FiIZvFgUBQnvtdd1bKO/9LwnT0=
-6,-8,Ps8kLIK8aP73XYanBflY3g6Q678=,joeeXkaOinnHrLNh/NIp8+n4T1Y=
-7,-11,Ps8kLIK8aP73XYanBflY3g6Q678=,feYFxC02aHZVb7plHpVXnZOv2h8=
-8,-11,Ps8kLIK8aP73XYanBflY3g6Q678=,feYFxC02aHZVb7plHpVXnZOv2h8=
-6,-9,Ps8kLIK8aP73XYanBflY3g6Q678=,feYFxC02aHZVb7plHpVXnZOv2h8=
-3,-10,Ps8kLIK8aP73XYanBflY3g6Q678=,SCLyBCPWoh7UVFhaO9w5BvkwlX4=
-5,-10,Ps8kLIK8aP73XYanBflY3g6Q678=,feYFxC02aHZVb7plHpVXnZOv2h8=
-2,-11,Ps8kLIK8aP73XYanBflY3g6Q678=,SCLyBCPWoh7UVFhaO9w5BvkwlX4=
-4,-10,Ps8kLIK8aP73XYanBflY3g6Q678=,SCLyBCPWoh7UVFhaO9w5BvkwlX4=
-5,-11,Ps8kLIK8aP73XYanBflY3g6Q678=,feYFxC02aHZVb7plHpVXnZOv2h8=
-3,-11,Ps8kLIK8aP73XYanBflY3g6Q678=,SCLyBCPWoh7UVFhaO9w5BvkwlX4=
-2,-10,Ps8kLIK8aP73XYanBflY3g6Q678=,SCLyBCPWoh7UVFhaO9w5BvkwlX4=
-4,-11,Ps8kLIK8aP73XYanBflY3g6Q678=,SCLyBCPWoh7UVFhaO9w5BvkwlX4=
-4,-7,Ps8kLIK8aP73XYanBflY3g6Q678=,Vm+J3ZHpuPC4IAXLZTFiX2N/Y7I=
-4,-9,Ps8kLIK8aP73XYanBflY3g6Q678=,SCLyBCPWoh7UVFhaO9w5BvkwlX4=
-5,-8,Ps8kLIK8aP73XYanBflY3g6Q678=,joeeXkaOinnHrLNh/NIp8+n4T1Y=
-3,-7,Ps8kLIK8aP73XYanBflY3g6Q678=,Vm+J3ZHpuPC4IAXLZTFiX2N/Y7I=
-3,-9,Ps8kLIK8aP73XYanBflY3g6Q678=,SCLyBCPWoh7UVFhaO9w5BvkwlX4=
-5,-9,Ps8kLIK8aP73XYanBflY3g6Q678=,feYFxC02aHZVb7plHpVXnZOv2h8=
-3,-6,Ps8kLIK8aP73XYanBflY3g6Q678=,Vm+J3ZHpuPC4IAXLZTFiX2N/Y7I=
-2,-9,Ps8kLIK8aP73XYanBflY3g6Q678=,SCLyBCPWoh7UVFhaO9w5BvkwlX4=
-2,-8,Ps8kLIK8aP73XYanBflY3g6Q678=,Vm+J3ZHpuPC4IAXLZTFiX2N/Y7I=
-5,-7,Ps8kLIK8aP73XYanBflY3g6Q678=,joeeXkaOinnHrLNh/NIp8+n4T1Y=
-2,-7,Ps8kLIK8aP73XYanBflY3g6Q678=,Vm+J3ZHpuPC4IAXLZTFiX2N/Y7I=
-5,-6,Ps8kLIK8aP73XYanBflY3g6Q678=,joeeXkaOinnHrLNh/NIp8+n4T1Y=
-4,-6,Ps8kLIK8aP73XYanBflY3g6Q678=,Vm+J3ZHpuPC4IAXLZTFiX2N/Y7I=
-4,-8,Ps8kLIK8aP73XYanBflY3g6Q678=,Vm+J3ZHpuPC4IAXLZTFiX2N/Y7I=
-2,-6,Ps8kLIK8aP73XYanBflY3g6Q678=,Vm+J3ZHpuPC4IAXLZTFiX2N/Y7I=
-3,-8,Ps8kLIK8aP73XYanBflY3g6Q678=,Vm+J3ZHpuPC4IAXLZTFiX2N/Y7I=
-6,-1,Ps8kLIK8aP73XYanBflY3g6Q678=,aUIsHH8kSHlRhscfjRHvm38H1+o=
-7,-1,Ps8kLIK8aP73XYanBflY3g6Q678=,aUIsHH8kSHlRhscfjRHvm38H1+o=
-11,-16,Ps8kLIK8aP73XYanBflY3g6Q678=,PKsGmDU+826/1AtRtg1RceZ7wVM=
-10,-16,Ps8kLIK8aP73XYanBflY3g6Q678=,PKsGmDU+826/1AtRtg1RceZ7wVM=
-1,-11,Ps8kLIK8aP73XYanBflY3g6Q678=,SCLyBCPWoh7UVFhaO9w5BvkwlX4=
-1,-10,Ps8kLIK8aP73XYanBflY3g6Q678=,SCLyBCPWoh7UVFhaO9w5BvkwlX4=
-1,-9,Ps8kLIK8aP73XYanBflY3g6Q678=,SCLyBCPWoh7UVFhaO9w5BvkwlX4=
-1,-6,Ps8kLIK8aP73XYanBflY3g6Q678=,Vm+J3ZHpuPC4IAXLZTFiX2N/Y7I=
-1,-8,Ps8kLIK8aP73XYanBflY3g6Q678=,Vm+J3ZHpuPC4IAXLZTFiX2N/Y7I=
-1,-7,Ps8kLIK8aP73XYanBflY3g6Q678=,Vm+J3ZHpuPC4IAXLZTFiX2N/Y7I=
-4,-4,Ps8kLIK8aP73XYanBflY3g6Q678=,INjx3Eh1Ry/q1CX5z5RF9uwrOw8=
-4,-5,Ps8kLIK8aP73XYanBflY3g6Q678=,Vm+J3ZHpuPC4IAXLZTFiX2N/Y7I=
-3,-5,Ps8kLIK8aP73XYanBflY3g6Q678=,Vm+J3ZHpuPC4IAXLZTFiX2N/Y7I=
-1,-1,Ps8kLIK8aP73XYanBflY3g6Q678=,INjx3Eh1Ry/q1CX5z5RF9uwrOw8=
-5,-5,Ps8kLIK8aP73XYanBflY3g6Q678=,joeeXkaOinnHrLNh/NIp8+n4T1Y=
-3,-4,Ps8kLIK8aP73XYanBflY3g6Q678=,INjx3Eh1Ry/q1CX5z5RF9uwrOw8=
-1,-2,Ps8kLIK8aP73XYanBflY3g6Q678=,INjx3Eh1Ry/q1CX5z5RF9uwrOw8=
-1,-4,Ps8kLIK8aP73XYanBflY3g6Q678=,INjx3Eh1Ry/q1CX5z5RF9uwrOw8=
-8,-13,Ps8kLIK8aP73XYanBflY3g6Q678=,oQaA/ujcUxM+60t4Jx2QBW0VCFI=
-9,-16,Ps8kLIK8aP73XYanBflY3g6Q678=,PKsGmDU+826/1AtRtg1RceZ7wVM=
-4,-3,Ps8kLIK8aP73XYanBflY3g6Q678=,INjx3Eh1Ry/q1CX5z5RF9uwrOw8=
-5,-1,Ps8kLIK8aP73XYanBflY3g6Q678=,aUIsHH8kSHlRhscfjRHvm38H1+o=
-6,-16,Ps8kLIK8aP73XYanBflY3g6Q678=,oQaA/ujcUxM+60t4Jx2QBW0VCFI=
-7,-13,Ps8kLIK8aP73XYanBflY3g6Q678=,oQaA/ujcUxM+60t4Jx2QBW0VCFI=
-2,-1,Ps8kLIK8aP73XYanBflY3g6Q678=,INjx3Eh1Ry/q1CX5z5RF9uwrOw8=
-6,-15,Ps8kLIK8aP73XYanBflY3g6Q678=,oQaA/ujcUxM+60t4Jx2QBW0VCFI=
-9,-13,Ps8kLIK8aP73XYanBflY3g6Q678=,PKsGmDU+826/1AtRtg1RceZ7wVM=
-3,-1,Ps8kLIK8aP73XYanBflY3g6Q678=,INjx3Eh1Ry/q1CX5z5RF9uwrOw8=
-6,-13,Ps8kLIK8aP73XYanBflY3g6Q678=,oQaA/ujcUxM+60t4Jx2QBW0VCFI=
-5,-2,Ps8kLIK8aP73XYanBflY3g6Q678=,aUIsHH8kSHlRhscfjRHvm38H1+o=
-9,-12,Ps8kLIK8aP73XYanBflY3g6Q678=,9FiIZvFgUBQnvtdd1bKO/9LwnT0=
-7,-14,Ps8kLIK8aP73XYanBflY3g6Q678=,oQaA/ujcUxM+60t4Jx2QBW0VCFI=
-6,-14,Ps8kLIK8aP73XYanBflY3g6Q678=,oQaA/ujcUxM+60t4Jx2QBW0VCFI=
-7,-16,Ps8kLIK8aP73XYanBflY3g6Q678=,oQaA/ujcUxM+60t4Jx2QBW0VCFI=
-2,-2,Ps8kLIK8aP73XYanBflY3g6Q678=,INjx3Eh1Ry/q1CX5z5RF9uwrOw8=
-9,-14,Ps8kLIK8aP73XYanBflY3g6Q678=,PKsGmDU+826/1AtRtg1RceZ7wVM=
-5,-3,Ps8kLIK8aP73XYanBflY3g6Q678=,aUIsHH8kSHlRhscfjRHvm38H1+o=
-7,-15,Ps8kLIK8aP73XYanBflY3g6Q678=,oQaA/ujcUxM+60t4Jx2QBW0VCFI=
-9,-15,Ps8kLIK8aP73XYanBflY3g6Q678=,PKsGmDU+826/1AtRtg1RceZ7wVM=
-6,-12,Ps8kLIK8aP73XYanBflY3g6Q678=,feYFxC02aHZVb7plHpVXnZOv2h8=
-1,-5,Ps8kLIK8aP73XYanBflY3g6Q678=,Vm+J3ZHpuPC4IAXLZTFiX2N/Y7I=
-8,-12,Ps8kLIK8aP73XYanBflY3g6Q678=,feYFxC02aHZVb7plHpVXnZOv2h8=
-7,-12,Ps8kLIK8aP73XYanBflY3g6Q678=,feYFxC02aHZVb7plHpVXnZOv2h8=
-1,-3,Ps8kLIK8aP73XYanBflY3g6Q678=,INjx3Eh1Ry/q1CX5z5RF9uwrOw8=
-5,-4,Ps8kLIK8aP73XYanBflY3g6Q678=,aUIsHH8kSHlRhscfjRHvm38H1+o=
-8,-15,Ps8kLIK8aP73XYanBflY3g6Q678=,oQaA/ujcUxM+60t4Jx2QBW0VCFI=
-4,-1,Ps8kLIK8aP73XYanBflY3g6Q678=,INjx3Eh1Ry/q1CX5z5RF9uwrOw8=
-2,-5,Ps8kLIK8aP73XYanBflY3g6Q678=,Vm+J3ZHpuPC4IAXLZTFiX2N/Y7I=
-4,-2,Ps8kLIK8aP73XYanBflY3g6Q678=,INjx3Eh1Ry/q1CX5z5RF9uwrOw8=
-3,-2,Ps8kLIK8aP73XYanBflY3g6Q678=,INjx3Eh1Ry/q1CX5z5RF9uwrOw8=
-2,-3,Ps8kLIK8aP73XYanBflY3g6Q678=,INjx3Eh1Ry/q1CX5z5RF9uwrOw8=
-2,-4,Ps8kLIK8aP73XYanBflY3g6Q678=,INjx3Eh1Ry/q1CX5z5RF9uwrOw8=
-8,-14,Ps8kLIK8aP73XYanBflY3g6Q678=,oQaA/ujcUxM+60t4Jx2QBW0VCFI=
-3,-3,Ps8kLIK8aP73XYanBflY3g6Q678=,INjx3Eh1Ry/q1CX5z5RF9uwrOw8=
-8,-16,Ps8kLIK8aP73XYanBflY3g6Q678=,oQaA/ujcUxM+60t4Jx2QBW0VCFI=
-2,-14,Ps8kLIK8aP73XYanBflY3g6Q678=,XF4HI+NjA9V4UazztDEfkaQaiCQ=
-2,-13,Ps8kLIK8aP73XYanBflY3g6Q678=,XF4HI+NjA9V4UazztDEfkaQaiCQ=
-3,-13,Ps8kLIK8aP73XYanBflY3g6Q678=,XF4HI+NjA9V4UazztDEfkaQaiCQ=
-1,-12,Ps8kLIK8aP73XYanBflY3g6Q678=,SCLyBCPWoh7UVFhaO9w5BvkwlX4=
-4,-14,Ps8kLIK8aP73XYanBflY3g6Q678=,XF4HI+NjA9V4UazztDEfkaQaiCQ=
-5,-14,Ps8kLIK8aP73XYanBflY3g6Q678=,oQaA/ujcUxM+60t4Jx2QBW0VCFI=
-4,-13,Ps8kLIK8aP73XYanBflY3g6Q678=,XF4HI+NjA9V4UazztDEfkaQaiCQ=
-1,-14,Ps8kLIK8aP73XYanBflY3g6Q678=,XF4HI+NjA9V4UazztDEfkaQaiCQ=
-16,-7,Ps8kLIK8aP73XYanBflY3g6Q678=,M3xrcftCCjwMb4eb7v1htL8nGZI=
-3,-12,Ps8kLIK8aP73XYanBflY3g6Q678=,SCLyBCPWoh7UVFhaO9w5BvkwlX4=
-2,-12,Ps8kLIK8aP73XYanBflY3g6Q678=,SCLyBCPWoh7UVFhaO9w5BvkwlX4=
-5,-16,Ps8kLIK8aP73XYanBflY3g6Q678=,oQaA/ujcUxM+60t4Jx2QBW0VCFI=
-4,-12,Ps8kLIK8aP73XYanBflY3g6Q678=,SCLyBCPWoh7UVFhaO9w5BvkwlX4=
-5,-12,Ps8kLIK8aP73XYanBflY3g6Q678=,feYFxC02aHZVb7plHpVXnZOv2h8=
-2,-15,Ps8kLIK8aP73XYanBflY3g6Q678=,XF4HI+NjA9V4UazztDEfkaQaiCQ=
-5,-13,Ps8kLIK8aP73XYanBflY3g6Q678=,oQaA/ujcUxM+60t4Jx2QBW0VCFI=
-3,-14,Ps8kLIK8aP73XYanBflY3g6Q678=,XF4HI+NjA9V4UazztDEfkaQaiCQ=
-3,-15,Ps8kLIK8aP73XYanBflY3g6Q678=,XF4HI+NjA9V4UazztDEfkaQaiCQ=
-1,-16,Ps8kLIK8aP73XYanBflY3g6Q678=,XF4HI+NjA9V4UazztDEfkaQaiCQ=
-4,-15,Ps8kLIK8aP73XYanBflY3g6Q678=,XF4HI+NjA9V4UazztDEfkaQaiCQ=
-16,-15,Ps8kLIK8aP73XYanBflY3g6Q678=,5yh9foNNB4W3Ou683RvYpYodNaQ=
-16,-6,Ps8kLIK8aP73XYanBflY3g6Q678=,M3xrcftCCjwMb4eb7v1htL8nGZI=
-4,-16,Ps8kLIK8aP73XYanBflY3g6Q678=,XF4HI+NjA9V4UazztDEfkaQaiCQ=
-1,-13,Ps8kLIK8aP73XYanBflY3g6Q678=,XF4HI+NjA9V4UazztDEfkaQaiCQ=
-1,-15,Ps8kLIK8aP73XYanBflY3g6Q678=,XF4HI+NjA9V4UazztDEfkaQaiCQ=
-3,-16,Ps8kLIK8aP73XYanBflY3g6Q678=,XF4HI+NjA9V4UazztDEfkaQaiCQ=
-16,-11,Ps8kLIK8aP73XYanBflY3g6Q678=,+men8yJiQKoHpH0LfJ5tC2VUhqY=
-16,-10,Ps8kLIK8aP73XYanBflY3g6Q678=,+men8yJiQKoHpH0LfJ5tC2VUhqY=
-2,-16,Ps8kLIK8aP73XYanBflY3g6Q678=,XF4HI+NjA9V4UazztDEfkaQaiCQ=
-16,-12,Ps8kLIK8aP73XYanBflY3g6Q678=,+men8yJiQKoHpH0LfJ5tC2VUhqY=
-16,-8,Ps8kLIK8aP73XYanBflY3g6Q678=,M3xrcftCCjwMb4eb7v1htL8nGZI=
-16,-14,Ps8kLIK8aP73XYanBflY3g6Q678=,5yh9foNNB4W3Ou683RvYpYodNaQ=
-11,-1,Ps8kLIK8aP73XYanBflY3g6Q678=,q0QTwrYGmC2uaQcr1tERbrvdbC0=
-16,-13,Ps8kLIK8aP73XYanBflY3g6Q678=,5yh9foNNB4W3Ou683RvYpYodNaQ=
-16,-9,Ps8kLIK8aP73XYanBflY3g6Q678=,+men8yJiQKoHpH0LfJ5tC2VUhqY=
-8,-1,Ps8kLIK8aP73XYanBflY3g6Q678=,aUIsHH8kSHlRhscfjRHvm38H1+o=
-9,-1,Ps8kLIK8aP73XYanBflY3g6Q678=,q0QTwrYGmC2uaQcr1tERbrvdbC0=
-10,-1,Ps8kLIK8aP73XYanBflY3g6Q678=,q0QTwrYGmC2uaQcr1tERbrvdbC0=
-15,-16,Ps8kLIK8aP73XYanBflY3g6Q678=,5yh9foNNB4W3Ou683RvYpYodNaQ=
-16,-16,Ps8kLIK8aP73XYanBflY3g6Q678=,5yh9foNNB4W3Ou683RvYpYodNaQ=
-5,-15,Ps8kLIK8aP73XYanBflY3g6Q678=,oQaA/ujcUxM+60t4Jx2QBW0VCFI=
-13,-16,Ps8kLIK8aP73XYanBflY3g6Q678=,5yh9foNNB4W3Ou683RvYpYodNaQ=
-14,-16,Ps8kLIK8aP73XYanBflY3g6Q678=,5yh9foNNB4W3Ou683RvYpYodNaQ=
-12,-16,Ps8kLIK8aP73XYanBflY3g6Q678=,PKsGmDU+826/1AtRtg1RceZ7wVM=
-14,-2,Ps8kLIK8aP73XYanBflY3g6Q678=,0sAivch9iMO8v5cA8I7o09adE48=
-12,-4,Ps8kLIK8aP73XYanBflY3g6Q678=,q0QTwrYGmC2uaQcr1tERbrvdbC0=
-15,-4,Ps8kLIK8aP73XYanBflY3g6Q678=,0sAivch9iMO8v5cA8I7o09adE48=
-12,-2,Ps8kLIK8aP73XYanBflY3g6Q678=,q0QTwrYGmC2uaQcr1tERbrvdbC0=
-16,-4,Ps8kLIK8aP73XYanBflY3g6Q678=,0sAivch9iMO8v5cA8I7o09adE48=
-13,-4,Ps8kLIK8aP73XYanBflY3g6Q678=,0sAivch9iMO8v5cA8I7o09adE48=
-13,-2,Ps8kLIK8aP73XYanBflY3g6Q678=,0sAivch9iMO8v5cA8I7o09adE48=
-12,-1,Ps8kLIK8aP73XYanBflY3g6Q678=,q0QTwrYGmC2uaQcr1tERbrvdbC0=
-13,-5,Ps8kLIK8aP73XYanBflY3g6Q678=,M3xrcftCCjwMb4eb7v1htL8nGZI=
-14,-4,Ps8kLIK8aP73XYanBflY3g6Q678=,0sAivch9iMO8v5cA8I7o09adE48=
-13,-1,Ps8kLIK8aP73XYanBflY3g6Q678=,0sAivch9iMO8v5cA8I7o09adE48=
-15,-2,Ps8kLIK8aP73XYanBflY3g6Q678=,0sAivch9iMO8v5cA8I7o09adE48=
-14,-1,Ps8kLIK8aP73XYanBflY3g6Q678=,0sAivch9iMO8v5cA8I7o09adE48=
-13,-3,Ps8kLIK8aP73XYanBflY3g6Q678=,0sAivch9iMO8v5cA8I7o09adE48=
-15,-1,Ps8kLIK8aP73XYanBflY3g6Q678=,0sAivch9iMO8v5cA8I7o09adE48=
-16,-2,Ps8kLIK8aP73XYanBflY3g6Q678=,0sAivch9iMO8v5cA8I7o09adE48=
-14,-3,Ps8kLIK8aP73XYanBflY3g6Q678=,0sAivch9iMO8v5cA8I7o09adE48=
-16,-3,Ps8kLIK8aP73XYanBflY3g6Q678=,0sAivch9iMO8v5cA8I7o09adE48=
-14,-5,Ps8kLIK8aP73XYanBflY3g6Q678=,M3xrcftCCjwMb4eb7v1htL8nGZI=
-15,-5,Ps8kLIK8aP73XYanBflY3g6Q678=,M3xrcftCCjwMb4eb7v1htL8nGZI=
-15,-3,Ps8kLIK8aP73XYanBflY3g6Q678=,0sAivch9iMO8v5cA8I7o09adE48=
-16,-5,Ps8kLIK8aP73XYanBflY3g6Q678=,M3xrcftCCjwMb4eb7v1htL8nGZI=
-12,-3,Ps8kLIK8aP73XYanBflY3g6Q678=,q0QTwrYGmC2uaQcr1tERbrvdbC0=
-12,-5,Ps8kLIK8aP73XYanBflY3g6Q678=,hkm1SumaXNuMn2tWq98ZS7la998=
-16,-1,Ps8kLIK8aP73XYanBflY3g6Q678=,0sAivch9iMO8v5cA8I7o09adE48=
-11,-19,Ps8kLIK8aP73XYanBflY3g6Q678=,jGB4IBMmvEP4srDEwZ+p7iopfk4=
-10,-18,Ps8kLIK8aP73XYanBflY3g6Q678=,jGB4IBMmvEP4srDEwZ+p7iopfk4=
-11,-18,Ps8kLIK8aP73XYanBflY3g6Q678=,jGB4IBMmvEP4srDEwZ+p7iopfk4=
-10,-19,Ps8kLIK8aP73XYanBflY3g6Q678=,jGB4IBMmvEP4srDEwZ+p7iopfk4=
-14,-18,Ps8kLIK8aP73XYanBflY3g6Q678=,6y1+desbkgOiqazBEHE3+OoNKHI=
-13,-18,Ps8kLIK8aP73XYanBflY3g6Q678=,6y1+desbkgOiqazBEHE3+OoNKHI=
-15,-19,Ps8kLIK8aP73XYanBflY3g6Q678=,6y1+desbkgOiqazBEHE3+OoNKHI=
-15,-18,Ps8kLIK8aP73XYanBflY3g6Q678=,6y1+desbkgOiqazBEHE3+OoNKHI=
-14,-19,Ps8kLIK8aP73XYanBflY3g6Q678=,6y1+desbkgOiqazBEHE3+OoNKHI=
-13,-19,Ps8kLIK8aP73XYanBflY3g6Q678=,6y1+desbkgOiqazBEHE3+OoNKHI=
-12,-18,Ps8kLIK8aP73XYanBflY3g6Q678=,jGB4IBMmvEP4srDEwZ+p7iopfk4=
-10,-20,Ps8kLIK8aP73XYanBflY3g6Q678=,jGB4IBMmvEP4srDEwZ+p7iopfk4=
-12,-19,Ps8kLIK8aP73XYanBflY3g6Q678=,jGB4IBMmvEP4srDEwZ+p7iopfk4=
-12,-21,Ps8kLIK8aP73XYanBflY3g6Q678=,i5U5yJ6q+HuqGb+l+eSCPn6HokQ=
-12,-23,Ps8kLIK8aP73XYanBflY3g6Q678=,i5U5yJ6q+HuqGb+l+eSCPn6HokQ=
-10,-22,Ps8kLIK8aP73XYanBflY3g6Q678=,i5U5yJ6q+HuqGb+l+eSCPn6HokQ=
-15,-21,Jnv+frlq9GhQi2uZL+nyfnp6FUM=,jGlF60nOzv3uT8yOtEauahcxNyg=
-11,-22,Jnv+frlq9GhQi2uZL+nyfnp6FUM=,i5U5yJ6q+HuqGb+l+eSCPn6HokQ=
-11,-23,Jnv+frlq9GhQi2uZL+nyfnp6FUM=,i5U5yJ6q+HuqGb+l+eSCPn6HokQ=
-14,-21,Jnv+frlq9GhQi2uZL+nyfnp6FUM=,jGlF60nOzv3uT8yOtEauahcxNyg=
-11,-20,Jnv+frlq9GhQi2uZL+nyfnp6FUM=,jGB4IBMmvEP4srDEwZ+p7iopfk4=
-13,-21,Jnv+frlq9GhQi2uZL+nyfnp6FUM=,jGlF60nOzv3uT8yOtEauahcxNyg=
-10,-23,Jnv+frlq9GhQi2uZL+nyfnp6FUM=,i5U5yJ6q+HuqGb+l+eSCPn6HokQ=
-11,-31,Jnv+frlq9GhQi2uZL+nyfnp6FUM=,nxIPcqkPCyE3U/A2g/S2oX6WiSY=
-10,-31,Jnv+frlq9GhQi2uZL+nyfnp6FUM=,nxIPcqkPCyE3U/A2g/S2oX6WiSY=
-10,-30,Jnv+frlq9GhQi2uZL+nyfnp6FUM=,nxIPcqkPCyE3U/A2g/S2oX6WiSY=
-11,-30,Jnv+frlq9GhQi2uZL+nyfnp6FUM=,nxIPcqkPCyE3U/A2g/S2oX6WiSY=
-15,-31,Jnv+frlq9GhQi2uZL+nyfnp6FUM=,W8fbNMwSuC7TITBanvrMV4ITIsc=
-14,-31,Jnv+frlq9GhQi2uZL+nyfnp6FUM=,W8fbNMwSuC7TITBanvrMV4ITIsc=
-12,-31,Jnv+frlq9GhQi2uZL+nyfnp6FUM=,nxIPcqkPCyE3U/A2g/S2oX6WiSY=
-15,-30,Jnv+frlq9GhQi2uZL+nyfnp6FUM=,W8fbNMwSuC7TITBanvrMV4ITIsc=
-14,-30,Jnv+frlq9GhQi2uZL+nyfnp6FUM=,W8fbNMwSuC7TITBanvrMV4ITIsc=
-13,-30,Jnv+frlq9GhQi2uZL+nyfnp6FUM=,W8fbNMwSuC7TITBanvrMV4ITIsc=
-13,-31,Jnv+frlq9GhQi2uZL+nyfnp6FUM=,W8fbNMwSuC7TITBanvrMV4ITIsc=
-12,-30,Jnv+frlq9GhQi2uZL+nyfnp6FUM=,nxIPcqkPCyE3U/A2g/S2oX6WiSY=
-10,-21,Jnv+frlq9GhQi2uZL+nyfnp6FUM=,i5U5yJ6q+HuqGb+l+eSCPn6HokQ=
-11,-21,Jnv+frlq9GhQi2uZL+nyfnp6FUM=,i5U5yJ6q+HuqGb+l+eSCPn6HokQ=
-13,-22,Jnv+frlq9GhQi2uZL+nyfnp6FUM=,jGlF60nOzv3uT8yOtEauahcxNyg=
-15,-22,Jnv+frlq9GhQi2uZL+nyfnp6FUM=,jGlF60nOzv3uT8yOtEauahcxNyg=
-15,-20,Jnv+frlq9GhQi2uZL+nyfnp6FUM=,6y1+desbkgOiqazBEHE3+OoNKHI=
-14,-22,Jnv+frlq9GhQi2uZL+nyfnp6FUM=,jGlF60nOzv3uT8yOtEauahcxNyg=
-12,-22,Jnv+frlq9GhQi2uZL+nyfnp6FUM=,i5U5yJ6q+HuqGb+l+eSCPn6HokQ=
-13,-23,Jnv+frlq9GhQi2uZL+nyfnp6FUM=,jGlF60nOzv3uT8yOtEauahcxNyg=
-15,-23,Jnv+frlq9GhQi2uZL+nyfnp6FUM=,jGlF60nOzv3uT8yOtEauahcxNyg=
-12,-20,Jnv+frlq9GhQi2uZL+nyfnp6FUM=,jGB4IBMmvEP4srDEwZ+p7iopfk4=
-13,-20,Jnv+frlq9GhQi2uZL+nyfnp6FUM=,6y1+desbkgOiqazBEHE3+OoNKHI=
-14,-20,Jnv+frlq9GhQi2uZL+nyfnp6FUM=,6y1+desbkgOiqazBEHE3+OoNKHI=
-15,-27,Jnv+frlq9GhQi2uZL+nyfnp6FUM=,W8fbNMwSuC7TITBanvrMV4ITIsc=
-14,-27,Jnv+frlq9GhQi2uZL+nyfnp6FUM=,W8fbNMwSuC7TITBanvrMV4ITIsc=
-15,-25,Jnv+frlq9GhQi2uZL+nyfnp6FUM=,W8fbNMwSuC7TITBanvrMV4ITIsc=
-14,-26,Jnv+frlq9GhQi2uZL+nyfnp6FUM=,W8fbNMwSuC7TITBanvrMV4ITIsc=
-14,-23,Jnv+frlq9GhQi2uZL+nyfnp6FUM=,jGlF60nOzv3uT8yOtEauahcxNyg=
-15,-28,Jnv+frlq9GhQi2uZL+nyfnp6FUM=,W8fbNMwSuC7TITBanvrMV4ITIsc=
-14,-29,Jnv+frlq9GhQi2uZL+nyfnp6FUM=,W8fbNMwSuC7TITBanvrMV4ITIsc=
-15,-29,Jnv+frlq9GhQi2uZL+nyfnp6FUM=,W8fbNMwSuC7TITBanvrMV4ITIsc=
-14,-25,Jnv+frlq9GhQi2uZL+nyfnp6FUM=,W8fbNMwSuC7TITBanvrMV4ITIsc=
-15,-26,Jnv+frlq9GhQi2uZL+nyfnp6FUM=,W8fbNMwSuC7TITBanvrMV4ITIsc=
-14,-24,Jnv+frlq9GhQi2uZL+nyfnp6FUM=,jGlF60nOzv3uT8yOtEauahcxNyg=
-14,-28,Jnv+frlq9GhQi2uZL+nyfnp6FUM=,W8fbNMwSuC7TITBanvrMV4ITIsc=
-15,-24,Jnv+frlq9GhQi2uZL+nyfnp6FUM=,jGlF60nOzv3uT8yOtEauahcxNyg=
-7,-27,Jnv+frlq9GhQi2uZL+nyfnp6FUM=,WVC0d9Bf6FvCn5gcdmTXKlrKF+E=
-6,-27,Jnv+frlq9GhQi2uZL+nyfnp6FUM=,WVC0d9Bf6FvCn5gcdmTXKlrKF+E=
-7,-26,Jnv+frlq9GhQi2uZL+nyfnp6FUM=,WVC0d9Bf6FvCn5gcdmTXKlrKF+E=
-6,-26,Jnv+frlq9GhQi2uZL+nyfnp6FUM=,WVC0d9Bf6FvCn5gcdmTXKlrKF+E=
-13,-26,Jnv+frlq9GhQi2uZL+nyfnp6FUM=,W8fbNMwSuC7TITBanvrMV4ITIsc=
-13,-28,Jnv+frlq9GhQi2uZL+nyfnp6FUM=,W8fbNMwSuC7TITBanvrMV4ITIsc=
-10,-24,Jnv+frlq9GhQi2uZL+nyfnp6FUM=,i5U5yJ6q+HuqGb+l+eSCPn6HokQ=
-12,-25,Jnv+frlq9GhQi2uZL+nyfnp6FUM=,nxIPcqkPCyE3U/A2g/S2oX6WiSY=
-12,-28,Jnv+frlq9GhQi2uZL+nyfnp6FUM=,nxIPcqkPCyE3U/A2g/S2oX6WiSY=
-11,-28,Jnv+frlq9GhQi2uZL+nyfnp6FUM=,nxIPcqkPCyE3U/A2g/S2oX6WiSY=
-12,-27,Jnv+frlq9GhQi2uZL+nyfnp6FUM=,nxIPcqkPCyE3U/A2g/S2oX6WiSY=
-10,-28,Jnv+frlq9GhQi2uZL+nyfnp6FUM=,nxIPcqkPCyE3U/A2g/S2oX6WiSY=
-11,-27,Jnv+frlq9GhQi2uZL+nyfnp6FUM=,nxIPcqkPCyE3U/A2g/S2oX6WiSY=
-10,-27,Jnv+frlq9GhQi2uZL+nyfnp6FUM=,nxIPcqkPCyE3U/A2g/S2oX6WiSY=
-9,-27,Jnv+frlq9GhQi2uZL+nyfnp6FUM=,nxIPcqkPCyE3U/A2g/S2oX6WiSY=
-11,-24,Jnv+frlq9GhQi2uZL+nyfnp6FUM=,i5U5yJ6q+HuqGb+l+eSCPn6HokQ=
-13,-29,Jnv+frlq9GhQi2uZL+nyfnp6FUM=,W8fbNMwSuC7TITBanvrMV4ITIsc=
-10,-29,Jnv+frlq9GhQi2uZL+nyfnp6FUM=,nxIPcqkPCyE3U/A2g/S2oX6WiSY=
-11,-29,Jnv+frlq9GhQi2uZL+nyfnp6FUM=,nxIPcqkPCyE3U/A2g/S2oX6WiSY=
-12,-29,Jnv+frlq9GhQi2uZL+nyfnp6FUM=,nxIPcqkPCyE3U/A2g/S2oX6WiSY=
-12,-24,Jnv+frlq9GhQi2uZL+nyfnp6FUM=,i5U5yJ6q+HuqGb+l+eSCPn6HokQ=
-12,-26,Jnv+frlq9GhQi2uZL+nyfnp6FUM=,nxIPcqkPCyE3U/A2g/S2oX6WiSY=
-10,-25,Jnv+frlq9GhQi2uZL+nyfnp6FUM=,nxIPcqkPCyE3U/A2g/S2oX6WiSY=
-13,-24,Jnv+frlq9GhQi2uZL+nyfnp6FUM=,jGlF60nOzv3uT8yOtEauahcxNyg=
-8,-26,Jnv+frlq9GhQi2uZL+nyfnp6FUM=,WVC0d9Bf6FvCn5gcdmTXKlrKF+E=
-11,-26,Jnv+frlq9GhQi2uZL+nyfnp6FUM=,nxIPcqkPCyE3U/A2g/S2oX6WiSY=
-11,-25,Jnv+frlq9GhQi2uZL+nyfnp6FUM=,nxIPcqkPCyE3U/A2g/S2oX6WiSY=
-13,-25,Jnv+frlq9GhQi2uZL+nyfnp6FUM=,W8fbNMwSuC7TITBanvrMV4ITIsc=
-13,-27,Jnv+frlq9GhQi2uZL+nyfnp6FUM=,W8fbNMwSuC7TITBanvrMV4ITIsc=
-8,-27,Jnv+frlq9GhQi2uZL+nyfnp6FUM=,WVC0d9Bf6FvCn5gcdmTXKlrKF+E=
-10,-26,Jnv+frlq9GhQi2uZL+nyfnp6FUM=,nxIPcqkPCyE3U/A2g/S2oX6WiSY=
-9,-26,Jnv+frlq9GhQi2uZL+nyfnp6FUM=,nxIPcqkPCyE3U/A2g/S2oX6WiSY=
-5,-27,Jnv+frlq9GhQi2uZL+nyfnp6FUM=,WVC0d9Bf6FvCn5gcdmTXKlrKF+E=
-4,-27,Jnv+frlq9GhQi2uZL+nyfnp6FUM=,4jVPADOXr3KI2xf9Tmf9KxPZuAo=
-3,-27,Jnv+frlq9GhQi2uZL+nyfnp6FUM=,4jVPADOXr3KI2xf9Tmf9KxPZuAo=
-2,-27,Jnv+frlq9GhQi2uZL+nyfnp6FUM=,4jVPADOXr3KI2xf9Tmf9KxPZuAo=
-4,-26,Jnv+frlq9GhQi2uZL+nyfnp6FUM=,4jVPADOXr3KI2xf9Tmf9KxPZuAo=
-3,-26,Jnv+frlq9GhQi2uZL+nyfnp6FUM=,4jVPADOXr3KI2xf9Tmf9KxPZuAo=
-5,-26,Jnv+frlq9GhQi2uZL+nyfnp6FUM=,WVC0d9Bf6FvCn5gcdmTXKlrKF+E=
-2,-26,Jnv+frlq9GhQi2uZL+nyfnp6FUM=,4jVPADOXr3KI2xf9Tmf9KxPZuAo=
-8,-25,Jnv+frlq9GhQi2uZL+nyfnp6FUM=,WVC0d9Bf6FvCn5gcdmTXKlrKF+E=
-7,-25,Jnv+frlq9GhQi2uZL+nyfnp6FUM=,WVC0d9Bf6FvCn5gcdmTXKlrKF+E=
-8,-24,Jnv+frlq9GhQi2uZL+nyfnp6FUM=,EpajV/H65z9JwB/106svZ1Lq19c=
-6,-25,Jnv+frlq9GhQi2uZL+nyfnp6FUM=,WVC0d9Bf6FvCn5gcdmTXKlrKF+E=
-6,-23,Jnv+frlq9GhQi2uZL+nyfnp6FUM=,EpajV/H65z9JwB/106svZ1Lq19c=
-9,-22,Jnv+frlq9GhQi2uZL+nyfnp6FUM=,i5U5yJ6q+HuqGb+l+eSCPn6HokQ=
-9,-24,Jnv+frlq9GhQi2uZL+nyfnp6FUM=,i5U5yJ6q+HuqGb+l+eSCPn6HokQ=
-8,-22,Jnv+frlq9GhQi2uZL+nyfnp6FUM=,EpajV/H65z9JwB/106svZ1Lq19c=
-8,-23,Jnv+frlq9GhQi2uZL+nyfnp6FUM=,EpajV/H65z9JwB/106svZ1Lq19c=
-7,-22,Jnv+frlq9GhQi2uZL+nyfnp6FUM=,EpajV/H65z9JwB/106svZ1Lq19c=
-9,-25,Jnv+frlq9GhQi2uZL+nyfnp6FUM=,nxIPcqkPCyE3U/A2g/S2oX6WiSY=
-7,-24,Jnv+frlq9GhQi2uZL+nyfnp6FUM=,EpajV/H65z9JwB/106svZ1Lq19c=
-6,-24,Jnv+frlq9GhQi2uZL+nyfnp6FUM=,EpajV/H65z9JwB/106svZ1Lq19c=
-7,-23,Jnv+frlq9GhQi2uZL+nyfnp6FUM=,EpajV/H65z9JwB/106svZ1Lq19c=
-6,-22,Jnv+frlq9GhQi2uZL+nyfnp6FUM=,EpajV/H65z9JwB/106svZ1Lq19c=
-9,-23,Jnv+frlq9GhQi2uZL+nyfnp6FUM=,i5U5yJ6q+HuqGb+l+eSCPn6HokQ=
-11,-17,Jnv+frlq9GhQi2uZL+nyfnp6FUM=,jGB4IBMmvEP4srDEwZ+p7iopfk4=
-10,-17,Jnv+frlq9GhQi2uZL+nyfnp6FUM=,jGB4IBMmvEP4srDEwZ+p7iopfk4=
-15,-17,Jnv+frlq9GhQi2uZL+nyfnp6FUM=,6y1+desbkgOiqazBEHE3+OoNKHI=
-13,-17,Jnv+frlq9GhQi2uZL+nyfnp6FUM=,6y1+desbkgOiqazBEHE3+OoNKHI=
-12,-17,Jnv+frlq9GhQi2uZL+nyfnp6FUM=,jGB4IBMmvEP4srDEwZ+p7iopfk4=
-14,-17,Jnv+frlq9GhQi2uZL+nyfnp6FUM=,6y1+desbkgOiqazBEHE3+OoNKHI=
-4,-23,Jnv+frlq9GhQi2uZL+nyfnp6FUM=,m8VPSpfYpE1L53pfnqA7rP3JXZs=
-1,-25,Jnv+frlq9GhQi2uZL+nyfnp6FUM=,4jVPADOXr3KI2xf9Tmf9KxPZuAo=
-5,-25,Jnv+frlq9GhQi2uZL+nyfnp6FUM=,WVC0d9Bf6FvCn5gcdmTXKlrKF+E=
-5,-22,Jnv+frlq9GhQi2uZL+nyfnp6FUM=,EpajV/H65z9JwB/106svZ1Lq19c=
-1,-23,Jnv+frlq9GhQi2uZL+nyfnp6FUM=,m8VPSpfYpE1L53pfnqA7rP3JXZs=
-2,-23,Jnv+frlq9GhQi2uZL+nyfnp6FUM=,m8VPSpfYpE1L53pfnqA7rP3JXZs=
-1,-24,Jnv+frlq9GhQi2uZL+nyfnp6FUM=,m8VPSpfYpE1L53pfnqA7rP3JXZs=
-1,-27,Jnv+frlq9GhQi2uZL+nyfnp6FUM=,4jVPADOXr3KI2xf9Tmf9KxPZuAo=
-5,-24,Jnv+frlq9GhQi2uZL+nyfnp6FUM=,EpajV/H65z9JwB/106svZ1Lq19c=
-2,-25,Jnv+frlq9GhQi2uZL+nyfnp6FUM=,4jVPADOXr3KI2xf9Tmf9KxPZuAo=
-8,-21,Jnv+frlq9GhQi2uZL+nyfnp6FUM=,EpajV/H65z9JwB/106svZ1Lq19c=
-1,-26,Jnv+frlq9GhQi2uZL+nyfnp6FUM=,4jVPADOXr3KI2xf9Tmf9KxPZuAo=
-3,-23,Jnv+frlq9GhQi2uZL+nyfnp6FUM=,m8VPSpfYpE1L53pfnqA7rP3JXZs=
-4,-24,Jnv+frlq9GhQi2uZL+nyfnp6FUM=,m8VPSpfYpE1L53pfnqA7rP3JXZs=
-3,-28,Jnv+frlq9GhQi2uZL+nyfnp6FUM=,4jVPADOXr3KI2xf9Tmf9KxPZuAo=
-2,-28,Jnv+frlq9GhQi2uZL+nyfnp6FUM=,4jVPADOXr3KI2xf9Tmf9KxPZuAo=
-3,-29,Jnv+frlq9GhQi2uZL+nyfnp6FUM=,9l8SkY3F83izxr/jyziA59LGtAw=
-3,-31,Jnv+frlq9GhQi2uZL+nyfnp6FUM=,9l8SkY3F83izxr/jyziA59LGtAw=
-2,-31,Jnv+frlq9GhQi2uZL+nyfnp6FUM=,9l8SkY3F83izxr/jyziA59LGtAw=
-2,-29,Jnv+frlq9GhQi2uZL+nyfnp6FUM=,9l8SkY3F83izxr/jyziA59LGtAw=
-3,-30,Jnv+frlq9GhQi2uZL+nyfnp6FUM=,9l8SkY3F83izxr/jyziA59LGtAw=
-2,-30,Jnv+frlq9GhQi2uZL+nyfnp6FUM=,9l8SkY3F83izxr/jyziA59LGtAw=
-8,-17,Jnv+frlq9GhQi2uZL+nyfnp6FUM=,Ae9TPlNGn/LsQRELe0I+e5zU7JA=
-8,-29,Jnv+frlq9GhQi2uZL+nyfnp6FUM=,EGxq4S2PyAG2vvdf9NjMttVuYGA=
-4,-31,Jnv+frlq9GhQi2uZL+nyfnp6FUM=,9l8SkY3F83izxr/jyziA59LGtAw=
-7,-29,Jnv+frlq9GhQi2uZL+nyfnp6FUM=,EGxq4S2PyAG2vvdf9NjMttVuYGA=
-9,-28,Jnv+frlq9GhQi2uZL+nyfnp6FUM=,nxIPcqkPCyE3U/A2g/S2oX6WiSY=
-6,-29,Jnv+frlq9GhQi2uZL+nyfnp6FUM=,EGxq4S2PyAG2vvdf9NjMttVuYGA=
-5,-29,Jnv+frlq9GhQi2uZL+nyfnp6FUM=,EGxq4S2PyAG2vvdf9NjMttVuYGA=
-8,-28,Jnv+frlq9GhQi2uZL+nyfnp6FUM=,WVC0d9Bf6FvCn5gcdmTXKlrKF+E=
-8,-31,Jnv+frlq9GhQi2uZL+nyfnp6FUM=,EGxq4S2PyAG2vvdf9NjMttVuYGA=
-7,-28,Jnv+frlq9GhQi2uZL+nyfnp6FUM=,WVC0d9Bf6FvCn5gcdmTXKlrKF+E=
-6,-28,Jnv+frlq9GhQi2uZL+nyfnp6FUM=,WVC0d9Bf6FvCn5gcdmTXKlrKF+E=
-4,-28,Jnv+frlq9GhQi2uZL+nyfnp6FUM=,4jVPADOXr3KI2xf9Tmf9KxPZuAo=
-9,-31,Jnv+frlq9GhQi2uZL+nyfnp6FUM=,nxIPcqkPCyE3U/A2g/S2oX6WiSY=
-5,-28,Jnv+frlq9GhQi2uZL+nyfnp6FUM=,WVC0d9Bf6FvCn5gcdmTXKlrKF+E=
-7,-31,Jnv+frlq9GhQi2uZL+nyfnp6FUM=,EGxq4S2PyAG2vvdf9NjMttVuYGA=
-4,-30,Jnv+frlq9GhQi2uZL+nyfnp6FUM=,9l8SkY3F83izxr/jyziA59LGtAw=
-6,-31,Jnv+frlq9GhQi2uZL+nyfnp6FUM=,EGxq4S2PyAG2vvdf9NjMttVuYGA=
-4,-29,Jnv+frlq9GhQi2uZL+nyfnp6FUM=,9l8SkY3F83izxr/jyziA59LGtAw=
-5,-31,Jnv+frlq9GhQi2uZL+nyfnp6FUM=,EGxq4S2PyAG2vvdf9NjMttVuYGA=
-9,-30,Jnv+frlq9GhQi2uZL+nyfnp6FUM=,nxIPcqkPCyE3U/A2g/S2oX6WiSY=
-8,-30,Jnv+frlq9GhQi2uZL+nyfnp6FUM=,EGxq4S2PyAG2vvdf9NjMttVuYGA=
-7,-30,Jnv+frlq9GhQi2uZL+nyfnp6FUM=,EGxq4S2PyAG2vvdf9NjMttVuYGA=
-6,-30,Jnv+frlq9GhQi2uZL+nyfnp6FUM=,EGxq4S2PyAG2vvdf9NjMttVuYGA=
-9,-29,Jnv+frlq9GhQi2uZL+nyfnp6FUM=,nxIPcqkPCyE3U/A2g/S2oX6WiSY=
-5,-30,Jnv+frlq9GhQi2uZL+nyfnp6FUM=,EGxq4S2PyAG2vvdf9NjMttVuYGA=
-3,-22,Jnv+frlq9GhQi2uZL+nyfnp6FUM=,m8VPSpfYpE1L53pfnqA7rP3JXZs=
-4,-22,Jnv+frlq9GhQi2uZL+nyfnp6FUM=,m8VPSpfYpE1L53pfnqA7rP3JXZs=
-7,-32,Jnv+frlq9GhQi2uZL+nyfnp6FUM=,EGxq4S2PyAG2vvdf9NjMttVuYGA=
-6,-32,Jnv+frlq9GhQi2uZL+nyfnp6FUM=,EGxq4S2PyAG2vvdf9NjMttVuYGA=
-2,-24,Jnv+frlq9GhQi2uZL+nyfnp6FUM=,m8VPSpfYpE1L53pfnqA7rP3JXZs=
-5,-23,Jnv+frlq9GhQi2uZL+nyfnp6FUM=,EpajV/H65z9JwB/106svZ1Lq19c=
-14,-32,Jnv+frlq9GhQi2uZL+nyfnp6FUM=,W8fbNMwSuC7TITBanvrMV4ITIsc=
-15,-32,Jnv+frlq9GhQi2uZL+nyfnp6FUM=,W8fbNMwSuC7TITBanvrMV4ITIsc=
-8,-32,Jnv+frlq9GhQi2uZL+nyfnp6FUM=,EGxq4S2PyAG2vvdf9NjMttVuYGA=
-12,-32,Jnv+frlq9GhQi2uZL+nyfnp6FUM=,nxIPcqkPCyE3U/A2g/S2oX6WiSY=
-11,-32,Jnv+frlq9GhQi2uZL+nyfnp6FUM=,nxIPcqkPCyE3U/A2g/S2oX6WiSY=
-10,-32,Jnv+frlq9GhQi2uZL+nyfnp6FUM=,nxIPcqkPCyE3U/A2g/S2oX6WiSY=
-9,-32,Jnv+frlq9GhQi2uZL+nyfnp6FUM=,nxIPcqkPCyE3U/A2g/S2oX6WiSY=
-13,-32,Jnv+frlq9GhQi2uZL+nyfnp6FUM=,W8fbNMwSuC7TITBanvrMV4ITIsc=
-7,-17,Jnv+frlq9GhQi2uZL+nyfnp6FUM=,Ae9TPlNGn/LsQRELe0I+e5zU7JA=
-5,-32,Jnv+frlq9GhQi2uZL+nyfnp6FUM=,EGxq4S2PyAG2vvdf9NjMttVuYGA=
-1,-22,Jnv+frlq9GhQi2uZL+nyfnp6FUM=,m8VPSpfYpE1L53pfnqA7rP3JXZs=
-4,-32,Jnv+frlq9GhQi2uZL+nyfnp6FUM=,9l8SkY3F83izxr/jyziA59LGtAw=
-3,-32,Jnv+frlq9GhQi2uZL+nyfnp6FUM=,9l8SkY3F83izxr/jyziA59LGtAw=
-2,-32,Jnv+frlq9GhQi2uZL+nyfnp6FUM=,9l8SkY3F83izxr/jyziA59LGtAw=
-1,-28,Jnv+frlq9GhQi2uZL+nyfnp6FUM=,4jVPADOXr3KI2xf9Tmf9KxPZuAo=
-1,-31,Jnv+frlq9GhQi2uZL+nyfnp6FUM=,9l8SkY3F83izxr/jyziA59LGtAw=
-1,-30,Jnv+frlq9GhQi2uZL+nyfnp6FUM=,9l8SkY3F83izxr/jyziA59LGtAw=
-1,-29,Jnv+frlq9GhQi2uZL+nyfnp6FUM=,9l8SkY3F83izxr/jyziA59LGtAw=
-1,-32,Jnv+frlq9GhQi2uZL+nyfnp6FUM=,9l8SkY3F83izxr/jyziA59LGtAw=
-2,-22,Jnv+frlq9GhQi2uZL+nyfnp6FUM=,m8VPSpfYpE1L53pfnqA7rP3JXZs=
-9,-20,Jnv+frlq9GhQi2uZL+nyfnp6FUM=,jGB4IBMmvEP4srDEwZ+p7iopfk4=
-6,-18,Jnv+frlq9GhQi2uZL+nyfnp6FUM=,Ae9TPlNGn/LsQRELe0I+e5zU7JA=
-8,-18,Jnv+frlq9GhQi2uZL+nyfnp6FUM=,Ae9TPlNGn/LsQRELe0I+e5zU7JA=
-6,-17,Jnv+frlq9GhQi2uZL+nyfnp6FUM=,Ae9TPlNGn/LsQRELe0I+e5zU7JA=
-7,-18,Jnv+frlq9GhQi2uZL+nyfnp6FUM=,Ae9TPlNGn/LsQRELe0I+e5zU7JA=
-16,-25,Jnv+frlq9GhQi2uZL+nyfnp6FUM=,W8fbNMwSuC7TITBanvrMV4ITIsc=
-16,-27,Jnv+frlq9GhQi2uZL+nyfnp6FUM=,W8fbNMwSuC7TITBanvrMV4ITIsc=
-9,-17,Jnv+frlq9GhQi2uZL+nyfnp6FUM=,jGB4IBMmvEP4srDEwZ+p7iopfk4=
-6,-19,Jnv+frlq9GhQi2uZL+nyfnp6FUM=,Ae9TPlNGn/LsQRELe0I+e5zU7JA=
-16,-23,Jnv+frlq9GhQi2uZL+nyfnp6FUM=,jGlF60nOzv3uT8yOtEauahcxNyg=
-16,-31,Jnv+frlq9GhQi2uZL+nyfnp6FUM=,W8fbNMwSuC7TITBanvrMV4ITIsc=
-16,-30,Jnv+frlq9GhQi2uZL+nyfnp6FUM=,W8fbNMwSuC7TITBanvrMV4ITIsc=
-16,-29,Jnv+frlq9GhQi2uZL+nyfnp6FUM=,W8fbNMwSuC7TITBanvrMV4ITIsc=
-16,-28,Jnv+frlq9GhQi2uZL+nyfnp6FUM=,W8fbNMwSuC7TITBanvrMV4ITIsc=
-16,-26,Jnv+frlq9GhQi2uZL+nyfnp6FUM=,W8fbNMwSuC7TITBanvrMV4ITIsc=
-16,-32,Jnv+frlq9GhQi2uZL+nyfnp6FUM=,W8fbNMwSuC7TITBanvrMV4ITIsc=
-7,-21,Jnv+frlq9GhQi2uZL+nyfnp6FUM=,EpajV/H65z9JwB/106svZ1Lq19c=
-16,-24,Jnv+frlq9GhQi2uZL+nyfnp6FUM=,jGlF60nOzv3uT8yOtEauahcxNyg=
-16,-22,Jnv+frlq9GhQi2uZL+nyfnp6FUM=,jGlF60nOzv3uT8yOtEauahcxNyg=
-7,-19,Jnv+frlq9GhQi2uZL+nyfnp6FUM=,Ae9TPlNGn/LsQRELe0I+e5zU7JA=
-6,-21,Jnv+frlq9GhQi2uZL+nyfnp6FUM=,EpajV/H65z9JwB/106svZ1Lq19c=
-8,-19,Jnv+frlq9GhQi2uZL+nyfnp6FUM=,Ae9TPlNGn/LsQRELe0I+e5zU7JA=
-3,-25,Jnv+frlq9GhQi2uZL+nyfnp6FUM=,4jVPADOXr3KI2xf9Tmf9KxPZuAo=
-9,-19,Jnv+frlq9GhQi2uZL+nyfnp6FUM=,jGB4IBMmvEP4srDEwZ+p7iopfk4=
-16,-17,Jnv+frlq9GhQi2uZL+nyfnp6FUM=,6y1+desbkgOiqazBEHE3+OoNKHI=
-9,-21,Jnv+frlq9GhQi2uZL+nyfnp6FUM=,i5U5yJ6q+HuqGb+l+eSCPn6HokQ=
-16,-20,Jnv+frlq9GhQi2uZL+nyfnp6FUM=,6y1+desbkgOiqazBEHE3+OoNKHI=
-16,-21,Jnv+frlq9GhQi2uZL+nyfnp6FUM=,jGlF60nOzv3uT8yOtEauahcxNyg=
-16,-18,Jnv+frlq9GhQi2uZL+nyfnp6FUM=,6y1+desbkgOiqazBEHE3+OoNKHI=
-16,-19,Jnv+frlq9GhQi2uZL+nyfnp6FUM=,6y1+desbkgOiqazBEHE3+OoNKHI=
-3,-24,Jnv+frlq9GhQi2uZL+nyfnp6FUM=,m8VPSpfYpE1L53pfnqA7rP3JXZs=
-6,-20,Jnv+frlq9GhQi2uZL+nyfnp6FUM=,Ae9TPlNGn/LsQRELe0I+e5zU7JA=
-8,-20,Jnv+frlq9GhQi2uZL+nyfnp6FUM=,Ae9TPlNGn/LsQRELe0I+e5zU7JA=
-7,-20,Jnv+frlq9GhQi2uZL+nyfnp6FUM=,Ae9TPlNGn/LsQRELe0I+e5zU7JA=
-9,-18,Jnv+frlq9GhQi2uZL+nyfnp6FUM=,jGB4IBMmvEP4srDEwZ+p7iopfk4=
-4,-25,Jnv+frlq9GhQi2uZL+nyfnp6FUM=,4jVPADOXr3KI2xf9Tmf9KxPZuAo=
-1,-17,Jnv+frlq9GhQi2uZL+nyfnp6FUM=,r56vkoKFU3r6qelzRG026UE9qFk=
-5,-18,Jnv+frlq9GhQi2uZL+nyfnp6FUM=,Ae9TPlNGn/LsQRELe0I+e5zU7JA=
-1,-20,Jnv+frlq9GhQi2uZL+nyfnp6FUM=,r56vkoKFU3r6qelzRG026UE9qFk=
-4,-19,Jnv+frlq9GhQi2uZL+nyfnp6FUM=,r56vkoKFU3r6qelzRG026UE9qFk=
-2,-19,Jnv+frlq9GhQi2uZL+nyfnp6FUM=,r56vkoKFU3r6qelzRG026UE9qFk=
-2,-17,Jnv+frlq9GhQi2uZL+nyfnp6FUM=,r56vkoKFU3r6qelzRG026UE9qFk=
-2,-18,Jnv+frlq9GhQi2uZL+nyfnp6FUM=,r56vkoKFU3r6qelzRG026UE9qFk=
-1,-18,Jnv+frlq9GhQi2uZL+nyfnp6FUM=,r56vkoKFU3r6qelzRG026UE9qFk=
-5,-19,Jnv+frlq9GhQi2uZL+nyfnp6FUM=,Ae9TPlNGn/LsQRELe0I+e5zU7JA=
-3,-18,Jnv+frlq9GhQi2uZL+nyfnp6FUM=,r56vkoKFU3r6qelzRG026UE9qFk=
-3,-17,Jnv+frlq9GhQi2uZL+nyfnp6FUM=,r56vkoKFU3r6qelzRG026UE9qFk=
-5,-20,Jnv+frlq9GhQi2uZL+nyfnp6FUM=,Ae9TPlNGn/LsQRELe0I+e5zU7JA=
-2,-20,Jnv+frlq9GhQi2uZL+nyfnp6FUM=,r56vkoKFU3r6qelzRG026UE9qFk=
-4,-17,Jnv+frlq9GhQi2uZL+nyfnp6FUM=,r56vkoKFU3r6qelzRG026UE9qFk=
-4,-18,Jnv+frlq9GhQi2uZL+nyfnp6FUM=,r56vkoKFU3r6qelzRG026UE9qFk=
-5,-21,Jnv+frlq9GhQi2uZL+nyfnp6FUM=,EpajV/H65z9JwB/106svZ1Lq19c=
-1,-19,Jnv+frlq9GhQi2uZL+nyfnp6FUM=,r56vkoKFU3r6qelzRG026UE9qFk=
-3,-19,Jnv+frlq9GhQi2uZL+nyfnp6FUM=,r56vkoKFU3r6qelzRG026UE9qFk=
-1,-21,Jnv+frlq9GhQi2uZL+nyfnp6FUM=,m8VPSpfYpE1L53pfnqA7rP3JXZs=
-3,-20,Jnv+frlq9GhQi2uZL+nyfnp6FUM=,r56vkoKFU3r6qelzRG026UE9qFk=
-4,-20,Jnv+frlq9GhQi2uZL+nyfnp6FUM=,r56vkoKFU3r6qelzRG026UE9qFk=
-5,-17,Jnv+frlq9GhQi2uZL+nyfnp6FUM=,Ae9TPlNGn/LsQRELe0I+e5zU7JA=
-2,-21,Jnv+frlq9GhQi2uZL+nyfnp6FUM=,m8VPSpfYpE1L53pfnqA7rP3JXZs=
-3,-21,Jnv+frlq9GhQi2uZL+nyfnp6FUM=,m8VPSpfYpE1L53pfnqA7rP3JXZs=
-4,-21,Jnv+frlq9GhQi2uZL+nyfnp6FUM=,m8VPSpfYpE1L53pfnqA7rP3JXZs=
-23,-27,HWtcktX2s+bR5I90/yK/D0wyQkY=,4MKxX8Hr+Qq56L3G6Yl9/ZSBOjw=
-22,-26,HWtcktX2s+bR5I90/yK/D0wyQkY=,4MKxX8Hr+Qq56L3G6Yl9/ZSBOjw=
-23,-26,HWtcktX2s+bR5I90/yK/D0wyQkY=,4MKxX8Hr+Qq56L3G6Yl9/ZSBOjw=
-22,-27,HWtcktX2s+bR5I90/yK/D0wyQkY=,4MKxX8Hr+Qq56L3G6Yl9/ZSBOjw=
-19,-27,HWtcktX2s+bR5I90/yK/D0wyQkY=,6XqI2u/IFll5Ez7Qk+7oX0Tx+FM=
-21,-26,HWtcktX2s+bR5I90/yK/D0wyQkY=,4MKxX8Hr+Qq56L3G6Yl9/ZSBOjw=
-19,-26,HWtcktX2s+bR5I90/yK/D0wyQkY=,6XqI2u/IFll5Ez7Qk+7oX0Tx+FM=
-20,-27,HWtcktX2s+bR5I90/yK/D0wyQkY=,6XqI2u/IFll5Ez7Qk+7oX0Tx+FM=
-21,-27,JRgzMmexk2f6450Ojz3EN7t2VhU=,4MKxX8Hr+Qq56L3G6Yl9/ZSBOjw=
-18,-27,JRgzMmexk2f6450Ojz3EN7t2VhU=,6XqI2u/IFll5Ez7Qk+7oX0Tx+FM=
-20,-26,JRgzMmexk2f6450Ojz3EN7t2VhU=,6XqI2u/IFll5Ez7Qk+7oX0Tx+FM=
-18,-26,JRgzMmexk2f6450Ojz3EN7t2VhU=,6XqI2u/IFll5Ez7Qk+7oX0Tx+FM=
-27,-27,JRgzMmexk2f6450Ojz3EN7t2VhU=,DAxrG1/izAmDNa3mOYEJC6YAIa0=
-26,-27,JRgzMmexk2f6450Ojz3EN7t2VhU=,DAxrG1/izAmDNa3mOYEJC6YAIa0=
-24,-27,JRgzMmexk2f6450Ojz3EN7t2VhU=,4MKxX8Hr+Qq56L3G6Yl9/ZSBOjw=
-27,-26,JRgzMmexk2f6450Ojz3EN7t2VhU=,DAxrG1/izAmDNa3mOYEJC6YAIa0=
-25,-27,JRgzMmexk2f6450Ojz3EN7t2VhU=,DAxrG1/izAmDNa3mOYEJC6YAIa0=
-26,-26,JRgzMmexk2f6450Ojz3EN7t2VhU=,DAxrG1/izAmDNa3mOYEJC6YAIa0=
-24,-26,JRgzMmexk2f6450Ojz3EN7t2VhU=,4MKxX8Hr+Qq56L3G6Yl9/ZSBOjw=
-25,-26,JRgzMmexk2f6450Ojz3EN7t2VhU=,DAxrG1/izAmDNa3mOYEJC6YAIa0=
-27,-29,JRgzMmexk2f6450Ojz3EN7t2VhU=,DAxrG1/izAmDNa3mOYEJC6YAIa0=
-27,-31,JRgzMmexk2f6450Ojz3EN7t2VhU=,DAxrG1/izAmDNa3mOYEJC6YAIa0=
-26,-29,JRgzMmexk2f6450Ojz3EN7t2VhU=,DAxrG1/izAmDNa3mOYEJC6YAIa0=
-26,-31,JRgzMmexk2f6450Ojz3EN7t2VhU=,DAxrG1/izAmDNa3mOYEJC6YAIa0=
-27,-28,JRgzMmexk2f6450Ojz3EN7t2VhU=,DAxrG1/izAmDNa3mOYEJC6YAIa0=
-26,-28,JRgzMmexk2f6450Ojz3EN7t2VhU=,DAxrG1/izAmDNa3mOYEJC6YAIa0=
-27,-30,JRgzMmexk2f6450Ojz3EN7t2VhU=,DAxrG1/izAmDNa3mOYEJC6YAIa0=
-26,-30,JRgzMmexk2f6450Ojz3EN7t2VhU=,DAxrG1/izAmDNa3mOYEJC6YAIa0=
-19,-25,JRgzMmexk2f6450Ojz3EN7t2VhU=,6XqI2u/IFll5Ez7Qk+7oX0Tx+FM=
-19,-23,JRgzMmexk2f6450Ojz3EN7t2VhU=,6XqI2u/IFll5Ez7Qk+7oX0Tx+FM=
-27,-24,JRgzMmexk2f6450Ojz3EN7t2VhU=,DAxrG1/izAmDNa3mOYEJC6YAIa0=
-27,-25,JRgzMmexk2f6450Ojz3EN7t2VhU=,DAxrG1/izAmDNa3mOYEJC6YAIa0=
-26,-25,JRgzMmexk2f6450Ojz3EN7t2VhU=,DAxrG1/izAmDNa3mOYEJC6YAIa0=
-20,-23,JRgzMmexk2f6450Ojz3EN7t2VhU=,6XqI2u/IFll5Ez7Qk+7oX0Tx+FM=
-18,-23,JRgzMmexk2f6450Ojz3EN7t2VhU=,6XqI2u/IFll5Ez7Qk+7oX0Tx+FM=
-27,-22,JRgzMmexk2f6450Ojz3EN7t2VhU=,DAxrG1/izAmDNa3mOYEJC6YAIa0=
-24,-25,JRgzMmexk2f6450Ojz3EN7t2VhU=,4MKxX8Hr+Qq56L3G6Yl9/ZSBOjw=
-26,-22,JRgzMmexk2f6450Ojz3EN7t2VhU=,DAxrG1/izAmDNa3mOYEJC6YAIa0=
-18,-25,JRgzMmexk2f6450Ojz3EN7t2VhU=,6XqI2u/IFll5Ez7Qk+7oX0Tx+FM=
-19,-22,JRgzMmexk2f6450Ojz3EN7t2VhU=,6XqI2u/IFll5Ez7Qk+7oX0Tx+FM=
-27,-23,JRgzMmexk2f6450Ojz3EN7t2VhU=,DAxrG1/izAmDNa3mOYEJC6YAIa0=
-26,-23,JRgzMmexk2f6450Ojz3EN7t2VhU=,DAxrG1/izAmDNa3mOYEJC6YAIa0=
-26,-24,JRgzMmexk2f6450Ojz3EN7t2VhU=,DAxrG1/izAmDNa3mOYEJC6YAIa0=
-18,-24,JRgzMmexk2f6450Ojz3EN7t2VhU=,6XqI2u/IFll5Ez7Qk+7oX0Tx+FM=
-23,-25,JRgzMmexk2f6450Ojz3EN7t2VhU=,4MKxX8Hr+Qq56L3G6Yl9/ZSBOjw=
-19,-24,JRgzMmexk2f6450Ojz3EN7t2VhU=,6XqI2u/IFll5Ez7Qk+7oX0Tx+FM=
-21,-22,JRgzMmexk2f6450Ojz3EN7t2VhU=,4MKxX8Hr+Qq56L3G6Yl9/ZSBOjw=
-24,-24,JRgzMmexk2f6450Ojz3EN7t2VhU=,4MKxX8Hr+Qq56L3G6Yl9/ZSBOjw=
-18,-22,JRgzMmexk2f6450Ojz3EN7t2VhU=,6XqI2u/IFll5Ez7Qk+7oX0Tx+FM=
-22,-25,JRgzMmexk2f6450Ojz3EN7t2VhU=,4MKxX8Hr+Qq56L3G6Yl9/ZSBOjw=
-25,-22,JRgzMmexk2f6450Ojz3EN7t2VhU=,DAxrG1/izAmDNa3mOYEJC6YAIa0=
-20,-25,JRgzMmexk2f6450Ojz3EN7t2VhU=,6XqI2u/IFll5Ez7Qk+7oX0Tx+FM=
-21,-25,JRgzMmexk2f6450Ojz3EN7t2VhU=,4MKxX8Hr+Qq56L3G6Yl9/ZSBOjw=
-23,-22,JRgzMmexk2f6450Ojz3EN7t2VhU=,4MKxX8Hr+Qq56L3G6Yl9/ZSBOjw=
-23,-24,JRgzMmexk2f6450Ojz3EN7t2VhU=,4MKxX8Hr+Qq56L3G6Yl9/ZSBOjw=
-24,-22,JRgzMmexk2f6450Ojz3EN7t2VhU=,4MKxX8Hr+Qq56L3G6Yl9/ZSBOjw=
-22,-24,JRgzMmexk2f6450Ojz3EN7t2VhU=,4MKxX8Hr+Qq56L3G6Yl9/ZSBOjw=
-21,-23,JRgzMmexk2f6450Ojz3EN7t2VhU=,4MKxX8Hr+Qq56L3G6Yl9/ZSBOjw=
-20,-24,JRgzMmexk2f6450Ojz3EN7t2VhU=,6XqI2u/IFll5Ez7Qk+7oX0Tx+FM=
-20,-22,JRgzMmexk2f6450Ojz3EN7t2VhU=,6XqI2u/IFll5Ez7Qk+7oX0Tx+FM=
-21,-24,JRgzMmexk2f6450Ojz3EN7t2VhU=,4MKxX8Hr+Qq56L3G6Yl9/ZSBOjw=
-22,-23,JRgzMmexk2f6450Ojz3EN7t2VhU=,4MKxX8Hr+Qq56L3G6Yl9/ZSBOjw=
-24,-23,JRgzMmexk2f6450Ojz3EN7t2VhU=,4MKxX8Hr+Qq56L3G6Yl9/ZSBOjw=
-25,-25,JRgzMmexk2f6450Ojz3EN7t2VhU=,DAxrG1/izAmDNa3mOYEJC6YAIa0=
-25,-23,JRgzMmexk2f6450Ojz3EN7t2VhU=,DAxrG1/izAmDNa3mOYEJC6YAIa0=
-23,-23,JRgzMmexk2f6450Ojz3EN7t2VhU=,4MKxX8Hr+Qq56L3G6Yl9/ZSBOjw=
-22,-22,JRgzMmexk2f6450Ojz3EN7t2VhU=,4MKxX8Hr+Qq56L3G6Yl9/ZSBOjw=
-25,-24,JRgzMmexk2f6450Ojz3EN7t2VhU=,DAxrG1/izAmDNa3mOYEJC6YAIa0=
-31,-19,JRgzMmexk2f6450Ojz3EN7t2VhU=,DAxrG1/izAmDNa3mOYEJC6YAIa0=
-30,-19,JRgzMmexk2f6450Ojz3EN7t2VhU=,DAxrG1/izAmDNa3mOYEJC6YAIa0=
-31,-18,JRgzMmexk2f6450Ojz3EN7t2VhU=,DAxrG1/izAmDNa3mOYEJC6YAIa0=
-28,-23,JRgzMmexk2f6450Ojz3EN7t2VhU=,DAxrG1/izAmDNa3mOYEJC6YAIa0=
-30,-18,JRgzMmexk2f6450Ojz3EN7t2VhU=,DAxrG1/izAmDNa3mOYEJC6YAIa0=
-31,-21,JRgzMmexk2f6450Ojz3EN7t2VhU=,DAxrG1/izAmDNa3mOYEJC6YAIa0=
-30,-21,JRgzMmexk2f6450Ojz3EN7t2VhU=,DAxrG1/izAmDNa3mOYEJC6YAIa0=
-31,-20,JRgzMmexk2f6450Ojz3EN7t2VhU=,DAxrG1/izAmDNa3mOYEJC6YAIa0=
-31,-23,JRgzMmexk2f6450Ojz3EN7t2VhU=,DAxrG1/izAmDNa3mOYEJC6YAIa0=
-30,-23,JRgzMmexk2f6450Ojz3EN7t2VhU=,DAxrG1/izAmDNa3mOYEJC6YAIa0=
-30,-20,JRgzMmexk2f6450Ojz3EN7t2VhU=,DAxrG1/izAmDNa3mOYEJC6YAIa0=
-29,-23,JRgzMmexk2f6450Ojz3EN7t2VhU=,DAxrG1/izAmDNa3mOYEJC6YAIa0=
-28,-22,JRgzMmexk2f6450Ojz3EN7t2VhU=,DAxrG1/izAmDNa3mOYEJC6YAIa0=
-31,-22,JRgzMmexk2f6450Ojz3EN7t2VhU=,DAxrG1/izAmDNa3mOYEJC6YAIa0=
-30,-22,JRgzMmexk2f6450Ojz3EN7t2VhU=,DAxrG1/izAmDNa3mOYEJC6YAIa0=
-29,-22,JRgzMmexk2f6450Ojz3EN7t2VhU=,DAxrG1/izAmDNa3mOYEJC6YAIa0=
-28,-27,JRgzMmexk2f6450Ojz3EN7t2VhU=,DAxrG1/izAmDNa3mOYEJC6YAIa0=
-31,-27,JRgzMmexk2f6450Ojz3EN7t2VhU=,DAxrG1/izAmDNa3mOYEJC6YAIa0=
-31,-25,JRgzMmexk2f6450Ojz3EN7t2VhU=,DAxrG1/izAmDNa3mOYEJC6YAIa0=
-28,-25,JRgzMmexk2f6450Ojz3EN7t2VhU=,DAxrG1/izAmDNa3mOYEJC6YAIa0=
-30,-27,JRgzMmexk2f6450Ojz3EN7t2VhU=,DAxrG1/izAmDNa3mOYEJC6YAIa0=
-30,-25,JRgzMmexk2f6450Ojz3EN7t2VhU=,DAxrG1/izAmDNa3mOYEJC6YAIa0=
-28,-24,JRgzMmexk2f6450Ojz3EN7t2VhU=,DAxrG1/izAmDNa3mOYEJC6YAIa0=
-29,-25,JRgzMmexk2f6450Ojz3EN7t2VhU=,DAxrG1/izAmDNa3mOYEJC6YAIa0=
-29,-27,JRgzMmexk2f6450Ojz3EN7t2VhU=,DAxrG1/izAmDNa3mOYEJC6YAIa0=
-28,-26,JRgzMmexk2f6450Ojz3EN7t2VhU=,DAxrG1/izAmDNa3mOYEJC6YAIa0=
-31,-26,JRgzMmexk2f6450Ojz3EN7t2VhU=,DAxrG1/izAmDNa3mOYEJC6YAIa0=
-31,-24,JRgzMmexk2f6450Ojz3EN7t2VhU=,DAxrG1/izAmDNa3mOYEJC6YAIa0=
-30,-24,JRgzMmexk2f6450Ojz3EN7t2VhU=,DAxrG1/izAmDNa3mOYEJC6YAIa0=
-29,-24,JRgzMmexk2f6450Ojz3EN7t2VhU=,DAxrG1/izAmDNa3mOYEJC6YAIa0=
-30,-26,JRgzMmexk2f6450Ojz3EN7t2VhU=,DAxrG1/izAmDNa3mOYEJC6YAIa0=
-29,-26,JRgzMmexk2f6450Ojz3EN7t2VhU=,DAxrG1/izAmDNa3mOYEJC6YAIa0=
-31,-31,JRgzMmexk2f6450Ojz3EN7t2VhU=,DAxrG1/izAmDNa3mOYEJC6YAIa0=
-30,-31,JRgzMmexk2f6450Ojz3EN7t2VhU=,DAxrG1/izAmDNa3mOYEJC6YAIa0=
-28,-29,JRgzMmexk2f6450Ojz3EN7t2VhU=,DAxrG1/izAmDNa3mOYEJC6YAIa0=
-28,-31,JRgzMmexk2f6450Ojz3EN7t2VhU=,DAxrG1/izAmDNa3mOYEJC6YAIa0=
-29,-31,JRgzMmexk2f6450Ojz3EN7t2VhU=,DAxrG1/izAmDNa3mOYEJC6YAIa0=
-28,-28,JRgzMmexk2f6450Ojz3EN7t2VhU=,DAxrG1/izAmDNa3mOYEJC6YAIa0=
-31,-30,JRgzMmexk2f6450Ojz3EN7t2VhU=,DAxrG1/izAmDNa3mOYEJC6YAIa0=
-30,-30,JRgzMmexk2f6450Ojz3EN7t2VhU=,DAxrG1/izAmDNa3mOYEJC6YAIa0=
-29,-30,JRgzMmexk2f6450Ojz3EN7t2VhU=,DAxrG1/izAmDNa3mOYEJC6YAIa0=
-28,-30,JRgzMmexk2f6450Ojz3EN7t2VhU=,DAxrG1/izAmDNa3mOYEJC6YAIa0=
-31,-29,JRgzMmexk2f6450Ojz3EN7t2VhU=,DAxrG1/izAmDNa3mOYEJC6YAIa0=
-30,-29,JRgzMmexk2f6450Ojz3EN7t2VhU=,DAxrG1/izAmDNa3mOYEJC6YAIa0=
-29,-29,JRgzMmexk2f6450Ojz3EN7t2VhU=,DAxrG1/izAmDNa3mOYEJC6YAIa0=
-31,-28,JRgzMmexk2f6450Ojz3EN7t2VhU=,DAxrG1/izAmDNa3mOYEJC6YAIa0=
-30,-28,JRgzMmexk2f6450Ojz3EN7t2VhU=,DAxrG1/izAmDNa3mOYEJC6YAIa0=
-29,-28,JRgzMmexk2f6450Ojz3EN7t2VhU=,DAxrG1/izAmDNa3mOYEJC6YAIa0=
-27,-17,JRgzMmexk2f6450Ojz3EN7t2VhU=,DAxrG1/izAmDNa3mOYEJC6YAIa0=
-28,-21,JRgzMmexk2f6450Ojz3EN7t2VhU=,DAxrG1/izAmDNa3mOYEJC6YAIa0=
-26,-17,JRgzMmexk2f6450Ojz3EN7t2VhU=,DAxrG1/izAmDNa3mOYEJC6YAIa0=
-29,-19,JRgzMmexk2f6450Ojz3EN7t2VhU=,DAxrG1/izAmDNa3mOYEJC6YAIa0=
-27,-21,JRgzMmexk2f6450Ojz3EN7t2VhU=,DAxrG1/izAmDNa3mOYEJC6YAIa0=
-26,-21,JRgzMmexk2f6450Ojz3EN7t2VhU=,DAxrG1/izAmDNa3mOYEJC6YAIa0=
-28,-20,JRgzMmexk2f6450Ojz3EN7t2VhU=,DAxrG1/izAmDNa3mOYEJC6YAIa0=
-27,-20,JRgzMmexk2f6450Ojz3EN7t2VhU=,DAxrG1/izAmDNa3mOYEJC6YAIa0=
-29,-18,JRgzMmexk2f6450Ojz3EN7t2VhU=,DAxrG1/izAmDNa3mOYEJC6YAIa0=
-29,-21,JRgzMmexk2f6450Ojz3EN7t2VhU=,DAxrG1/izAmDNa3mOYEJC6YAIa0=
-26,-20,JRgzMmexk2f6450Ojz3EN7t2VhU=,DAxrG1/izAmDNa3mOYEJC6YAIa0=
-28,-19,JRgzMmexk2f6450Ojz3EN7t2VhU=,DAxrG1/izAmDNa3mOYEJC6YAIa0=
-27,-19,JRgzMmexk2f6450Ojz3EN7t2VhU=,DAxrG1/izAmDNa3mOYEJC6YAIa0=
-26,-19,JRgzMmexk2f6450Ojz3EN7t2VhU=,DAxrG1/izAmDNa3mOYEJC6YAIa0=
-28,-18,JRgzMmexk2f6450Ojz3EN7t2VhU=,DAxrG1/izAmDNa3mOYEJC6YAIa0=
-27,-18,JRgzMmexk2f6450Ojz3EN7t2VhU=,DAxrG1/izAmDNa3mOYEJC6YAIa0=
-26,-18,JRgzMmexk2f6450Ojz3EN7t2VhU=,DAxrG1/izAmDNa3mOYEJC6YAIa0=
-29,-20,JRgzMmexk2f6450Ojz3EN7t2VhU=,DAxrG1/izAmDNa3mOYEJC6YAIa0=
-17,-23,JRgzMmexk2f6450Ojz3EN7t2VhU=,6XqI2u/IFll5Ez7Qk+7oX0Tx+FM=
-17,-24,JRgzMmexk2f6450Ojz3EN7t2VhU=,6XqI2u/IFll5Ez7Qk+7oX0Tx+FM=
-17,-26,JRgzMmexk2f6450Ojz3EN7t2VhU=,6XqI2u/IFll5Ez7Qk+7oX0Tx+FM=
-18,-29,JRgzMmexk2f6450Ojz3EN7t2VhU=,xNu6OIUeWNsKMIkwbSEruxldGts=
-18,-30,JRgzMmexk2f6450Ojz3EN7t2VhU=,xNu6OIUeWNsKMIkwbSEruxldGts=
-19,-30,JRgzMmexk2f6450Ojz3EN7t2VhU=,xNu6OIUeWNsKMIkwbSEruxldGts=
-19,-31,JRgzMmexk2f6450Ojz3EN7t2VhU=,xNu6OIUeWNsKMIkwbSEruxldGts=
-19,-28,JRgzMmexk2f6450Ojz3EN7t2VhU=,6XqI2u/IFll5Ez7Qk+7oX0Tx+FM=
-18,-28,JRgzMmexk2f6450Ojz3EN7t2VhU=,6XqI2u/IFll5Ez7Qk+7oX0Tx+FM=
-18,-31,JRgzMmexk2f6450Ojz3EN7t2VhU=,xNu6OIUeWNsKMIkwbSEruxldGts=
-19,-29,JRgzMmexk2f6450Ojz3EN7t2VhU=,xNu6OIUeWNsKMIkwbSEruxldGts=
-24,-31,JRgzMmexk2f6450Ojz3EN7t2VhU=,4MKxX8Hr+Qq56L3G6Yl9/ZSBOjw=
-23,-31,JRgzMmexk2f6450Ojz3EN7t2VhU=,4MKxX8Hr+Qq56L3G6Yl9/ZSBOjw=
-22,-31,JRgzMmexk2f6450Ojz3EN7t2VhU=,4MKxX8Hr+Qq56L3G6Yl9/ZSBOjw=
-20,-30,JRgzMmexk2f6450Ojz3EN7t2VhU=,xNu6OIUeWNsKMIkwbSEruxldGts=
-20,-31,JRgzMmexk2f6450Ojz3EN7t2VhU=,xNu6OIUeWNsKMIkwbSEruxldGts=
-24,-30,JRgzMmexk2f6450Ojz3EN7t2VhU=,4MKxX8Hr+Qq56L3G6Yl9/ZSBOjw=
-21,-31,JRgzMmexk2f6450Ojz3EN7t2VhU=,4MKxX8Hr+Qq56L3G6Yl9/ZSBOjw=
-25,-31,JRgzMmexk2f6450Ojz3EN7t2VhU=,DAxrG1/izAmDNa3mOYEJC6YAIa0=
-23,-30,JRgzMmexk2f6450Ojz3EN7t2VhU=,4MKxX8Hr+Qq56L3G6Yl9/ZSBOjw=
-25,-29,JRgzMmexk2f6450Ojz3EN7t2VhU=,DAxrG1/izAmDNa3mOYEJC6YAIa0=
-22,-30,JRgzMmexk2f6450Ojz3EN7t2VhU=,4MKxX8Hr+Qq56L3G6Yl9/ZSBOjw=
-21,-30,JRgzMmexk2f6450Ojz3EN7t2VhU=,4MKxX8Hr+Qq56L3G6Yl9/ZSBOjw=
-24,-29,JRgzMmexk2f6450Ojz3EN7t2VhU=,4MKxX8Hr+Qq56L3G6Yl9/ZSBOjw=
-23,-29,JRgzMmexk2f6450Ojz3EN7t2VhU=,4MKxX8Hr+Qq56L3G6Yl9/ZSBOjw=
-22,-29,JRgzMmexk2f6450Ojz3EN7t2VhU=,4MKxX8Hr+Qq56L3G6Yl9/ZSBOjw=
-21,-29,JRgzMmexk2f6450Ojz3EN7t2VhU=,4MKxX8Hr+Qq56L3G6Yl9/ZSBOjw=
-24,-28,JRgzMmexk2f6450Ojz3EN7t2VhU=,4MKxX8Hr+Qq56L3G6Yl9/ZSBOjw=
-23,-28,JRgzMmexk2f6450Ojz3EN7t2VhU=,4MKxX8Hr+Qq56L3G6Yl9/ZSBOjw=
-22,-28,JRgzMmexk2f6450Ojz3EN7t2VhU=,4MKxX8Hr+Qq56L3G6Yl9/ZSBOjw=
-21,-28,JRgzMmexk2f6450Ojz3EN7t2VhU=,4MKxX8Hr+Qq56L3G6Yl9/ZSBOjw=
-20,-28,JRgzMmexk2f6450Ojz3EN7t2VhU=,6XqI2u/IFll5Ez7Qk+7oX0Tx+FM=
-20,-29,JRgzMmexk2f6450Ojz3EN7t2VhU=,xNu6OIUeWNsKMIkwbSEruxldGts=
-25,-30,JRgzMmexk2f6450Ojz3EN7t2VhU=,DAxrG1/izAmDNa3mOYEJC6YAIa0=
-25,-28,JRgzMmexk2f6450Ojz3EN7t2VhU=,DAxrG1/izAmDNa3mOYEJC6YAIa0=
-17,-22,JRgzMmexk2f6450Ojz3EN7t2VhU=,6XqI2u/IFll5Ez7Qk+7oX0Tx+FM=
-23,-32,JRgzMmexk2f6450Ojz3EN7t2VhU=,4MKxX8Hr+Qq56L3G6Yl9/ZSBOjw=
-22,-32,JRgzMmexk2f6450Ojz3EN7t2VhU=,4MKxX8Hr+Qq56L3G6Yl9/ZSBOjw=
-31,-32,JRgzMmexk2f6450Ojz3EN7t2VhU=,DAxrG1/izAmDNa3mOYEJC6YAIa0=
-17,-27,JRgzMmexk2f6450Ojz3EN7t2VhU=,6XqI2u/IFll5Ez7Qk+7oX0Tx+FM=
-30,-32,JRgzMmexk2f6450Ojz3EN7t2VhU=,DAxrG1/izAmDNa3mOYEJC6YAIa0=
-17,-29,JRgzMmexk2f6450Ojz3EN7t2VhU=,xNu6OIUeWNsKMIkwbSEruxldGts=
-17,-30,JRgzMmexk2f6450Ojz3EN7t2VhU=,xNu6OIUeWNsKMIkwbSEruxldGts=
-17,-28,JRgzMmexk2f6450Ojz3EN7t2VhU=,6XqI2u/IFll5Ez7Qk+7oX0Tx+FM=
-17,-31,JRgzMmexk2f6450Ojz3EN7t2VhU=,xNu6OIUeWNsKMIkwbSEruxldGts=
-28,-32,JRgzMmexk2f6450Ojz3EN7t2VhU=,DAxrG1/izAmDNa3mOYEJC6YAIa0=
-27,-32,JRgzMmexk2f6450Ojz3EN7t2VhU=,DAxrG1/izAmDNa3mOYEJC6YAIa0=
-24,-32,JRgzMmexk2f6450Ojz3EN7t2VhU=,4MKxX8Hr+Qq56L3G6Yl9/ZSBOjw=
-25,-32,JRgzMmexk2f6450Ojz3EN7t2VhU=,DAxrG1/izAmDNa3mOYEJC6YAIa0=
-29,-32,JRgzMmexk2f6450Ojz3EN7t2VhU=,DAxrG1/izAmDNa3mOYEJC6YAIa0=
-19,-32,JRgzMmexk2f6450Ojz3EN7t2VhU=,xNu6OIUeWNsKMIkwbSEruxldGts=
-26,-32,JRgzMmexk2f6450Ojz3EN7t2VhU=,DAxrG1/izAmDNa3mOYEJC6YAIa0=
-18,-32,JRgzMmexk2f6450Ojz3EN7t2VhU=,xNu6OIUeWNsKMIkwbSEruxldGts=
-21,-32,JRgzMmexk2f6450Ojz3EN7t2VhU=,4MKxX8Hr+Qq56L3G6Yl9/ZSBOjw=
-20,-32,JRgzMmexk2f6450Ojz3EN7t2VhU=,xNu6OIUeWNsKMIkwbSEruxldGts=
-32,-25,JRgzMmexk2f6450Ojz3EN7t2VhU=,DAxrG1/izAmDNa3mOYEJC6YAIa0=
-32,-27,JRgzMmexk2f6450Ojz3EN7t2VhU=,DAxrG1/izAmDNa3mOYEJC6YAIa0=
-32,-26,JRgzMmexk2f6450Ojz3EN7t2VhU=,DAxrG1/izAmDNa3mOYEJC6YAIa0=
-32,-24,JRgzMmexk2f6450Ojz3EN7t2VhU=,DAxrG1/izAmDNa3mOYEJC6YAIa0=
-32,-23,JRgzMmexk2f6450Ojz3EN7t2VhU=,DAxrG1/izAmDNa3mOYEJC6YAIa0=
-32,-22,JRgzMmexk2f6450Ojz3EN7t2VhU=,DAxrG1/izAmDNa3mOYEJC6YAIa0=
-32,-31,JRgzMmexk2f6450Ojz3EN7t2VhU=,DAxrG1/izAmDNa3mOYEJC6YAIa0=
-32,-30,JRgzMmexk2f6450Ojz3EN7t2VhU=,DAxrG1/izAmDNa3mOYEJC6YAIa0=
-32,-29,JRgzMmexk2f6450Ojz3EN7t2VhU=,DAxrG1/izAmDNa3mOYEJC6YAIa0=
-32,-28,JRgzMmexk2f6450Ojz3EN7t2VhU=,DAxrG1/izAmDNa3mOYEJC6YAIa0=
-32,-19,JRgzMmexk2f6450Ojz3EN7t2VhU=,DAxrG1/izAmDNa3mOYEJC6YAIa0=
-32,-21,JRgzMmexk2f6450Ojz3EN7t2VhU=,DAxrG1/izAmDNa3mOYEJC6YAIa0=
-32,-18,JRgzMmexk2f6450Ojz3EN7t2VhU=,DAxrG1/izAmDNa3mOYEJC6YAIa0=
-32,-20,JRgzMmexk2f6450Ojz3EN7t2VhU=,DAxrG1/izAmDNa3mOYEJC6YAIa0=
-32,-32,JRgzMmexk2f6450Ojz3EN7t2VhU=,DAxrG1/izAmDNa3mOYEJC6YAIa0=
-17,-32,JRgzMmexk2f6450Ojz3EN7t2VhU=,xNu6OIUeWNsKMIkwbSEruxldGts=
-24,-21,JRgzMmexk2f6450Ojz3EN7t2VhU=,4MKxX8Hr+Qq56L3G6Yl9/ZSBOjw=
-28,-17,JRgzMmexk2f6450Ojz3EN7t2VhU=,DAxrG1/izAmDNa3mOYEJC6YAIa0=
-32,-17,JRgzMmexk2f6450Ojz3EN7t2VhU=,DAxrG1/izAmDNa3mOYEJC6YAIa0=
-31,-17,JRgzMmexk2f6450Ojz3EN7t2VhU=,DAxrG1/izAmDNa3mOYEJC6YAIa0=
-30,-17,JRgzMmexk2f6450Ojz3EN7t2VhU=,DAxrG1/izAmDNa3mOYEJC6YAIa0=
-29,-17,JRgzMmexk2f6450Ojz3EN7t2VhU=,DAxrG1/izAmDNa3mOYEJC6YAIa0=
-22,-18,JRgzMmexk2f6450Ojz3EN7t2VhU=,U9UGo0QTgiWYVjG7iG/qde9mDWw=
-25,-18,JRgzMmexk2f6450Ojz3EN7t2VhU=,DAxrG1/izAmDNa3mOYEJC6YAIa0=
-17,-25,JRgzMmexk2f6450Ojz3EN7t2VhU=,6XqI2u/IFll5Ez7Qk+7oX0Tx+FM=
-23,-18,JRgzMmexk2f6450Ojz3EN7t2VhU=,U9UGo0QTgiWYVjG7iG/qde9mDWw=
-24,-18,JRgzMmexk2f6450Ojz3EN7t2VhU=,U9UGo0QTgiWYVjG7iG/qde9mDWw=
-25,-19,JRgzMmexk2f6450Ojz3EN7t2VhU=,DAxrG1/izAmDNa3mOYEJC6YAIa0=
-25,-20,JRgzMmexk2f6450Ojz3EN7t2VhU=,DAxrG1/izAmDNa3mOYEJC6YAIa0=
-25,-21,JRgzMmexk2f6450Ojz3EN7t2VhU=,DAxrG1/izAmDNa3mOYEJC6YAIa0=
-22,-20,JRgzMmexk2f6450Ojz3EN7t2VhU=,U9UGo0QTgiWYVjG7iG/qde9mDWw=
-23,-20,JRgzMmexk2f6450Ojz3EN7t2VhU=,U9UGo0QTgiWYVjG7iG/qde9mDWw=
-24,-20,JRgzMmexk2f6450Ojz3EN7t2VhU=,U9UGo0QTgiWYVjG7iG/qde9mDWw=
-25,-17,JRgzMmexk2f6450Ojz3EN7t2VhU=,DAxrG1/izAmDNa3mOYEJC6YAIa0=
-22,-19,JRgzMmexk2f6450Ojz3EN7t2VhU=,U9UGo0QTgiWYVjG7iG/qde9mDWw=
-22,-21,JRgzMmexk2f6450Ojz3EN7t2VhU=,4MKxX8Hr+Qq56L3G6Yl9/ZSBOjw=
-22,-17,JRgzMmexk2f6450Ojz3EN7t2VhU=,U9UGo0QTgiWYVjG7iG/qde9mDWw=
-23,-19,JRgzMmexk2f6450Ojz3EN7t2VhU=,U9UGo0QTgiWYVjG7iG/qde9mDWw=
-23,-21,JRgzMmexk2f6450Ojz3EN7t2VhU=,4MKxX8Hr+Qq56L3G6Yl9/ZSBOjw=
-24,-17,JRgzMmexk2f6450Ojz3EN7t2VhU=,U9UGo0QTgiWYVjG7iG/qde9mDWw=
-24,-19,JRgzMmexk2f6450Ojz3EN7t2VhU=,U9UGo0QTgiWYVjG7iG/qde9mDWw=
-23,-17,JRgzMmexk2f6450Ojz3EN7t2VhU=,U9UGo0QTgiWYVjG7iG/qde9mDWw=
-19,-18,JRgzMmexk2f6450Ojz3EN7t2VhU=,6XqI2u/IFll5Ez7Qk+7oX0Tx+FM=
-20,-20,JRgzMmexk2f6450Ojz3EN7t2VhU=,6XqI2u/IFll5Ez7Qk+7oX0Tx+FM=
-17,-17,JRgzMmexk2f6450Ojz3EN7t2VhU=,6XqI2u/IFll5Ez7Qk+7oX0Tx+FM=
-21,-18,JRgzMmexk2f6450Ojz3EN7t2VhU=,U9UGo0QTgiWYVjG7iG/qde9mDWw=
-17,-19,JRgzMmexk2f6450Ojz3EN7t2VhU=,6XqI2u/IFll5Ez7Qk+7oX0Tx+FM=
-17,-18,JRgzMmexk2f6450Ojz3EN7t2VhU=,6XqI2u/IFll5Ez7Qk+7oX0Tx+FM=
-21,-20,JRgzMmexk2f6450Ojz3EN7t2VhU=,U9UGo0QTgiWYVjG7iG/qde9mDWw=
-19,-21,JRgzMmexk2f6450Ojz3EN7t2VhU=,6XqI2u/IFll5Ez7Qk+7oX0Tx+FM=
-18,-21,JRgzMmexk2f6450Ojz3EN7t2VhU=,6XqI2u/IFll5Ez7Qk+7oX0Tx+FM=
-19,-17,JRgzMmexk2f6450Ojz3EN7t2VhU=,6XqI2u/IFll5Ez7Qk+7oX0Tx+FM=
-18,-17,JRgzMmexk2f6450Ojz3EN7t2VhU=,6XqI2u/IFll5Ez7Qk+7oX0Tx+FM=
-20,-17,JRgzMmexk2f6450Ojz3EN7t2VhU=,6XqI2u/IFll5Ez7Qk+7oX0Tx+FM=
-18,-18,JRgzMmexk2f6450Ojz3EN7t2VhU=,6XqI2u/IFll5Ez7Qk+7oX0Tx+FM=
-20,-18,JRgzMmexk2f6450Ojz3EN7t2VhU=,6XqI2u/IFll5Ez7Qk+7oX0Tx+FM=
-19,-19,JRgzMmexk2f6450Ojz3EN7t2VhU=,6XqI2u/IFll5Ez7Qk+7oX0Tx+FM=
-17,-21,JRgzMmexk2f6450Ojz3EN7t2VhU=,6XqI2u/IFll5Ez7Qk+7oX0Tx+FM=
-21,-21,JRgzMmexk2f6450Ojz3EN7t2VhU=,4MKxX8Hr+Qq56L3G6Yl9/ZSBOjw=
-17,-20,JRgzMmexk2f6450Ojz3EN7t2VhU=,6XqI2u/IFll5Ez7Qk+7oX0Tx+FM=
-21,-19,JRgzMmexk2f6450Ojz3EN7t2VhU=,U9UGo0QTgiWYVjG7iG/qde9mDWw=
-20,-19,JRgzMmexk2f6450Ojz3EN7t2VhU=,6XqI2u/IFll5Ez7Qk+7oX0Tx+FM=
-18,-19,JRgzMmexk2f6450Ojz3EN7t2VhU=,6XqI2u/IFll5Ez7Qk+7oX0Tx+FM=
-20,-21,JRgzMmexk2f6450Ojz3EN7t2VhU=,6XqI2u/IFll5Ez7Qk+7oX0Tx+FM=
-21,-17,JRgzMmexk2f6450Ojz3EN7t2VhU=,U9UGo0QTgiWYVjG7iG/qde9mDWw=
-19,-20,JRgzMmexk2f6450Ojz3EN7t2VhU=,6XqI2u/IFll5Ez7Qk+7oX0Tx+FM=
-18,-20,JRgzMmexk2f6450Ojz3EN7t2VhU=,6XqI2u/IFll5Ez7Qk+7oX0Tx+FM=
-31,-7,JRgzMmexk2f6450Ojz3EN7t2VhU=,DAxrG1/izAmDNa3mOYEJC6YAIa0=
-30,-6,JRgzMmexk2f6450Ojz3EN7t2VhU=,DAxrG1/izAmDNa3mOYEJC6YAIa0=
-30,-7,JRgzMmexk2f6450Ojz3EN7t2VhU=,DAxrG1/izAmDNa3mOYEJC6YAIa0=
-31,-6,JRgzMmexk2f6450Ojz3EN7t2VhU=,DAxrG1/izAmDNa3mOYEJC6YAIa0=
-31,-5,JRgzMmexk2f6450Ojz3EN7t2VhU=,DAxrG1/izAmDNa3mOYEJC6YAIa0=
-30,-2,JRgzMmexk2f6450Ojz3EN7t2VhU=,DAxrG1/izAmDNa3mOYEJC6YAIa0=
-31,-2,JRgzMmexk2f6450Ojz3EN7t2VhU=,DAxrG1/izAmDNa3mOYEJC6YAIa0=
-30,-4,JRgzMmexk2f6450Ojz3EN7t2VhU=,DAxrG1/izAmDNa3mOYEJC6YAIa0=
-31,-4,JRgzMmexk2f6450Ojz3EN7t2VhU=,DAxrG1/izAmDNa3mOYEJC6YAIa0=
-30,-3,JRgzMmexk2f6450Ojz3EN7t2VhU=,DAxrG1/izAmDNa3mOYEJC6YAIa0=
-31,-3,JRgzMmexk2f6450Ojz3EN7t2VhU=,DAxrG1/izAmDNa3mOYEJC6YAIa0=
-30,-5,JRgzMmexk2f6450Ojz3EN7t2VhU=,DAxrG1/izAmDNa3mOYEJC6YAIa0=
-28,-7,JRgzMmexk2f6450Ojz3EN7t2VhU=,4MKxX8Hr+Qq56L3G6Yl9/ZSBOjw=
-29,-6,JRgzMmexk2f6450Ojz3EN7t2VhU=,DAxrG1/izAmDNa3mOYEJC6YAIa0=
-26,-6,JRgzMmexk2f6450Ojz3EN7t2VhU=,4MKxX8Hr+Qq56L3G6Yl9/ZSBOjw=
-28,-3,JRgzMmexk2f6450Ojz3EN7t2VhU=,4MKxX8Hr+Qq56L3G6Yl9/ZSBOjw=
-27,-3,JRgzMmexk2f6450Ojz3EN7t2VhU=,4MKxX8Hr+Qq56L3G6Yl9/ZSBOjw=
-28,-5,JRgzMmexk2f6450Ojz3EN7t2VhU=,4MKxX8Hr+Qq56L3G6Yl9/ZSBOjw=
-27,-5,JRgzMmexk2f6450Ojz3EN7t2VhU=,4MKxX8Hr+Qq56L3G6Yl9/ZSBOjw=
-26,-5,JRgzMmexk2f6450Ojz3EN7t2VhU=,4MKxX8Hr+Qq56L3G6Yl9/ZSBOjw=
-26,-3,JRgzMmexk2f6450Ojz3EN7t2VhU=,4MKxX8Hr+Qq56L3G6Yl9/ZSBOjw=
-28,-2,JRgzMmexk2f6450Ojz3EN7t2VhU=,4MKxX8Hr+Qq56L3G6Yl9/ZSBOjw=
-29,-5,JRgzMmexk2f6450Ojz3EN7t2VhU=,DAxrG1/izAmDNa3mOYEJC6YAIa0=
-27,-2,JRgzMmexk2f6450Ojz3EN7t2VhU=,4MKxX8Hr+Qq56L3G6Yl9/ZSBOjw=
-26,-2,JRgzMmexk2f6450Ojz3EN7t2VhU=,4MKxX8Hr+Qq56L3G6Yl9/ZSBOjw=
-29,-3,JRgzMmexk2f6450Ojz3EN7t2VhU=,DAxrG1/izAmDNa3mOYEJC6YAIa0=
-28,-4,JRgzMmexk2f6450Ojz3EN7t2VhU=,4MKxX8Hr+Qq56L3G6Yl9/ZSBOjw=
-27,-4,JRgzMmexk2f6450Ojz3EN7t2VhU=,4MKxX8Hr+Qq56L3G6Yl9/ZSBOjw=
-26,-4,JRgzMmexk2f6450Ojz3EN7t2VhU=,4MKxX8Hr+Qq56L3G6Yl9/ZSBOjw=
-29,-4,JRgzMmexk2f6450Ojz3EN7t2VhU=,DAxrG1/izAmDNa3mOYEJC6YAIa0=
-29,-2,JRgzMmexk2f6450Ojz3EN7t2VhU=,DAxrG1/izAmDNa3mOYEJC6YAIa0=
-27,-6,JRgzMmexk2f6450Ojz3EN7t2VhU=,4MKxX8Hr+Qq56L3G6Yl9/ZSBOjw=
-29,-7,JRgzMmexk2f6450Ojz3EN7t2VhU=,DAxrG1/izAmDNa3mOYEJC6YAIa0=
-28,-6,JRgzMmexk2f6450Ojz3EN7t2VhU=,4MKxX8Hr+Qq56L3G6Yl9/ZSBOjw=
-26,-7,JRgzMmexk2f6450Ojz3EN7t2VhU=,4MKxX8Hr+Qq56L3G6Yl9/ZSBOjw=
-27,-7,JRgzMmexk2f6450Ojz3EN7t2VhU=,4MKxX8Hr+Qq56L3G6Yl9/ZSBOjw=
-24,-6,JRgzMmexk2f6450Ojz3EN7t2VhU=,U9UGo0QTgiWYVjG7iG/qde9mDWw=
-25,-7,JRgzMmexk2f6450Ojz3EN7t2VhU=,4MKxX8Hr+Qq56L3G6Yl9/ZSBOjw=
-23,-6,JRgzMmexk2f6450Ojz3EN7t2VhU=,U9UGo0QTgiWYVjG7iG/qde9mDWw=
-22,-6,JRgzMmexk2f6450Ojz3EN7t2VhU=,U9UGo0QTgiWYVjG7iG/qde9mDWw=
-24,-7,JRgzMmexk2f6450Ojz3EN7t2VhU=,U9UGo0QTgiWYVjG7iG/qde9mDWw=
-23,-7,JRgzMmexk2f6450Ojz3EN7t2VhU=,U9UGo0QTgiWYVjG7iG/qde9mDWw=
-25,-6,JRgzMmexk2f6450Ojz3EN7t2VhU=,4MKxX8Hr+Qq56L3G6Yl9/ZSBOjw=
-22,-7,JRgzMmexk2f6450Ojz3EN7t2VhU=,U9UGo0QTgiWYVjG7iG/qde9mDWw=
-22,-2,JRgzMmexk2f6450Ojz3EN7t2VhU=,U9UGo0QTgiWYVjG7iG/qde9mDWw=
-22,-3,JRgzMmexk2f6450Ojz3EN7t2VhU=,U9UGo0QTgiWYVjG7iG/qde9mDWw=
-25,-4,JRgzMmexk2f6450Ojz3EN7t2VhU=,4MKxX8Hr+Qq56L3G6Yl9/ZSBOjw=
-24,-2,JRgzMmexk2f6450Ojz3EN7t2VhU=,U9UGo0QTgiWYVjG7iG/qde9mDWw=
-23,-3,JRgzMmexk2f6450Ojz3EN7t2VhU=,U9UGo0QTgiWYVjG7iG/qde9mDWw=
-24,-4,JRgzMmexk2f6450Ojz3EN7t2VhU=,U9UGo0QTgiWYVjG7iG/qde9mDWw=
-25,-2,JRgzMmexk2f6450Ojz3EN7t2VhU=,4MKxX8Hr+Qq56L3G6Yl9/ZSBOjw=
-22,-5,JRgzMmexk2f6450Ojz3EN7t2VhU=,U9UGo0QTgiWYVjG7iG/qde9mDWw=
-23,-2,JRgzMmexk2f6450Ojz3EN7t2VhU=,U9UGo0QTgiWYVjG7iG/qde9mDWw=
-25,-3,JRgzMmexk2f6450Ojz3EN7t2VhU=,4MKxX8Hr+Qq56L3G6Yl9/ZSBOjw=
-23,-5,JRgzMmexk2f6450Ojz3EN7t2VhU=,U9UGo0QTgiWYVjG7iG/qde9mDWw=
-22,-4,JRgzMmexk2f6450Ojz3EN7t2VhU=,U9UGo0QTgiWYVjG7iG/qde9mDWw=
-24,-5,JRgzMmexk2f6450Ojz3EN7t2VhU=,U9UGo0QTgiWYVjG7iG/qde9mDWw=
-23,-4,JRgzMmexk2f6450Ojz3EN7t2VhU=,U9UGo0QTgiWYVjG7iG/qde9mDWw=
-24,-3,JRgzMmexk2f6450Ojz3EN7t2VhU=,U9UGo0QTgiWYVjG7iG/qde9mDWw=
-25,-5,JRgzMmexk2f6450Ojz3EN7t2VhU=,4MKxX8Hr+Qq56L3G6Yl9/ZSBOjw=
-19,-7,JRgzMmexk2f6450Ojz3EN7t2VhU=,S1L7KRIaVNfcVo4K/WucxPyMAkE=
-18,-7,TvwkADdewI4EApmpPyFLk16m9FU=,S1L7KRIaVNfcVo4K/WucxPyMAkE=
-19,-6,TvwkADdewI4EApmpPyFLk16m9FU=,S1L7KRIaVNfcVo4K/WucxPyMAkE=
-20,-6,TvwkADdewI4EApmpPyFLk16m9FU=,S1L7KRIaVNfcVo4K/WucxPyMAkE=
-21,-6,TvwkADdewI4EApmpPyFLk16m9FU=,U9UGo0QTgiWYVjG7iG/qde9mDWw=
-18,-6,TvwkADdewI4EApmpPyFLk16m9FU=,S1L7KRIaVNfcVo4K/WucxPyMAkE=
-20,-7,TvwkADdewI4EApmpPyFLk16m9FU=,S1L7KRIaVNfcVo4K/WucxPyMAkE=
-21,-7,TvwkADdewI4EApmpPyFLk16m9FU=,U9UGo0QTgiWYVjG7iG/qde9mDWw=
-18,-4,TvwkADdewI4EApmpPyFLk16m9FU=,MOok6NFerEN1csHlOqcswef2Pkc=
-21,-3,TvwkADdewI4EApmpPyFLk16m9FU=,U9UGo0QTgiWYVjG7iG/qde9mDWw=
-18,-3,TvwkADdewI4EApmpPyFLk16m9FU=,MOok6NFerEN1csHlOqcswef2Pkc=
-19,-5,TvwkADdewI4EApmpPyFLk16m9FU=,S1L7KRIaVNfcVo4K/WucxPyMAkE=
-19,-4,TvwkADdewI4EApmpPyFLk16m9FU=,MOok6NFerEN1csHlOqcswef2Pkc=
-18,-5,TvwkADdewI4EApmpPyFLk16m9FU=,S1L7KRIaVNfcVo4K/WucxPyMAkE=
-20,-4,TvwkADdewI4EApmpPyFLk16m9FU=,MOok6NFerEN1csHlOqcswef2Pkc=
-21,-2,TvwkADdewI4EApmpPyFLk16m9FU=,U9UGo0QTgiWYVjG7iG/qde9mDWw=
-21,-4,TvwkADdewI4EApmpPyFLk16m9FU=,U9UGo0QTgiWYVjG7iG/qde9mDWw=
-20,-2,TvwkADdewI4EApmpPyFLk16m9FU=,MOok6NFerEN1csHlOqcswef2Pkc=
-20,-3,TvwkADdewI4EApmpPyFLk16m9FU=,MOok6NFerEN1csHlOqcswef2Pkc=
-19,-2,TvwkADdewI4EApmpPyFLk16m9FU=,MOok6NFerEN1csHlOqcswef2Pkc=
-19,-3,TvwkADdewI4EApmpPyFLk16m9FU=,MOok6NFerEN1csHlOqcswef2Pkc=
-21,-5,TvwkADdewI4EApmpPyFLk16m9FU=,U9UGo0QTgiWYVjG7iG/qde9mDWw=
-18,-2,TvwkADdewI4EApmpPyFLk16m9FU=,MOok6NFerEN1csHlOqcswef2Pkc=
-20,-5,TvwkADdewI4EApmpPyFLk16m9FU=,S1L7KRIaVNfcVo4K/WucxPyMAkE=
-22,-8,TvwkADdewI4EApmpPyFLk16m9FU=,U9UGo0QTgiWYVjG7iG/qde9mDWw=
-23,-9,TvwkADdewI4EApmpPyFLk16m9FU=,U9UGo0QTgiWYVjG7iG/qde9mDWw=
-22,-9,TvwkADdewI4EApmpPyFLk16m9FU=,U9UGo0QTgiWYVjG7iG/qde9mDWw=
-23,-8,TvwkADdewI4EApmpPyFLk16m9FU=,U9UGo0QTgiWYVjG7iG/qde9mDWw=
-23,-11,TvwkADdewI4EApmpPyFLk16m9FU=,U9UGo0QTgiWYVjG7iG/qde9mDWw=
-31,-9,TvwkADdewI4EApmpPyFLk16m9FU=,DAxrG1/izAmDNa3mOYEJC6YAIa0=
-30,-9,TvwkADdewI4EApmpPyFLk16m9FU=,DAxrG1/izAmDNa3mOYEJC6YAIa0=
-31,-8,TvwkADdewI4EApmpPyFLk16m9FU=,DAxrG1/izAmDNa3mOYEJC6YAIa0=
-30,-8,TvwkADdewI4EApmpPyFLk16m9FU=,DAxrG1/izAmDNa3mOYEJC6YAIa0=
-31,-11,TvwkADdewI4EApmpPyFLk16m9FU=,DAxrG1/izAmDNa3mOYEJC6YAIa0=
-30,-11,TvwkADdewI4EApmpPyFLk16m9FU=,DAxrG1/izAmDNa3mOYEJC6YAIa0=
-31,-10,TvwkADdewI4EApmpPyFLk16m9FU=,DAxrG1/izAmDNa3mOYEJC6YAIa0=
-30,-10,TvwkADdewI4EApmpPyFLk16m9FU=,DAxrG1/izAmDNa3mOYEJC6YAIa0=
-22,-11,TvwkADdewI4EApmpPyFLk16m9FU=,U9UGo0QTgiWYVjG7iG/qde9mDWw=
-19,-11,TvwkADdewI4EApmpPyFLk16m9FU=,6XqI2u/IFll5Ez7Qk+7oX0Tx+FM=
-20,-10,TvwkADdewI4EApmpPyFLk16m9FU=,6XqI2u/IFll5Ez7Qk+7oX0Tx+FM=
-23,-10,TvwkADdewI4EApmpPyFLk16m9FU=,U9UGo0QTgiWYVjG7iG/qde9mDWw=
-19,-10,TvwkADdewI4EApmpPyFLk16m9FU=,6XqI2u/IFll5Ez7Qk+7oX0Tx+FM=
-20,-11,TvwkADdewI4EApmpPyFLk16m9FU=,6XqI2u/IFll5Ez7Qk+7oX0Tx+FM=
-21,-10,TvwkADdewI4EApmpPyFLk16m9FU=,U9UGo0QTgiWYVjG7iG/qde9mDWw=
-21,-11,TvwkADdewI4EApmpPyFLk16m9FU=,U9UGo0QTgiWYVjG7iG/qde9mDWw=
-22,-10,TvwkADdewI4EApmpPyFLk16m9FU=,U9UGo0QTgiWYVjG7iG/qde9mDWw=
-18,-10,TvwkADdewI4EApmpPyFLk16m9FU=,6XqI2u/IFll5Ez7Qk+7oX0Tx+FM=
-20,-8,TvwkADdewI4EApmpPyFLk16m9FU=,S1L7KRIaVNfcVo4K/WucxPyMAkE=
-18,-8,TvwkADdewI4EApmpPyFLk16m9FU=,S1L7KRIaVNfcVo4K/WucxPyMAkE=
-20,-9,TvwkADdewI4EApmpPyFLk16m9FU=,6XqI2u/IFll5Ez7Qk+7oX0Tx+FM=
-18,-11,TvwkADdewI4EApmpPyFLk16m9FU=,6XqI2u/IFll5Ez7Qk+7oX0Tx+FM=
-19,-9,TvwkADdewI4EApmpPyFLk16m9FU=,6XqI2u/IFll5Ez7Qk+7oX0Tx+FM=
-18,-9,TvwkADdewI4EApmpPyFLk16m9FU=,6XqI2u/IFll5Ez7Qk+7oX0Tx+FM=
-21,-8,TvwkADdewI4EApmpPyFLk16m9FU=,U9UGo0QTgiWYVjG7iG/qde9mDWw=
-21,-9,TvwkADdewI4EApmpPyFLk16m9FU=,U9UGo0QTgiWYVjG7iG/qde9mDWw=
-19,-8,TvwkADdewI4EApmpPyFLk16m9FU=,S1L7KRIaVNfcVo4K/WucxPyMAkE=
-24,-8,TvwkADdewI4EApmpPyFLk16m9FU=,U9UGo0QTgiWYVjG7iG/qde9mDWw=
-24,-9,TvwkADdewI4EApmpPyFLk16m9FU=,U9UGo0QTgiWYVjG7iG/qde9mDWw=
-28,-9,TvwkADdewI4EApmpPyFLk16m9FU=,4MKxX8Hr+Qq56L3G6Yl9/ZSBOjw=
-27,-9,TvwkADdewI4EApmpPyFLk16m9FU=,4MKxX8Hr+Qq56L3G6Yl9/ZSBOjw=
-26,-9,TvwkADdewI4EApmpPyFLk16m9FU=,4MKxX8Hr+Qq56L3G6Yl9/ZSBOjw=
-25,-9,TvwkADdewI4EApmpPyFLk16m9FU=,4MKxX8Hr+Qq56L3G6Yl9/ZSBOjw=
-29,-9,TvwkADdewI4EApmpPyFLk16m9FU=,DAxrG1/izAmDNa3mOYEJC6YAIa0=
-29,-8,TvwkADdewI4EApmpPyFLk16m9FU=,DAxrG1/izAmDNa3mOYEJC6YAIa0=
-29,-11,TvwkADdewI4EApmpPyFLk16m9FU=,DAxrG1/izAmDNa3mOYEJC6YAIa0=
-24,-10,TvwkADdewI4EApmpPyFLk16m9FU=,U9UGo0QTgiWYVjG7iG/qde9mDWw=
-24,-11,TvwkADdewI4EApmpPyFLk16m9FU=,U9UGo0QTgiWYVjG7iG/qde9mDWw=
-31,-15,TvwkADdewI4EApmpPyFLk16m9FU=,DAxrG1/izAmDNa3mOYEJC6YAIa0=
-28,-11,TvwkADdewI4EApmpPyFLk16m9FU=,4MKxX8Hr+Qq56L3G6Yl9/ZSBOjw=
-30,-15,TvwkADdewI4EApmpPyFLk16m9FU=,DAxrG1/izAmDNa3mOYEJC6YAIa0=
-31,-14,TvwkADdewI4EApmpPyFLk16m9FU=,DAxrG1/izAmDNa3mOYEJC6YAIa0=
-27,-11,TvwkADdewI4EApmpPyFLk16m9FU=,4MKxX8Hr+Qq56L3G6Yl9/ZSBOjw=
-30,-14,TvwkADdewI4EApmpPyFLk16m9FU=,DAxrG1/izAmDNa3mOYEJC6YAIa0=
-31,-13,TvwkADdewI4EApmpPyFLk16m9FU=,DAxrG1/izAmDNa3mOYEJC6YAIa0=
-26,-11,TvwkADdewI4EApmpPyFLk16m9FU=,4MKxX8Hr+Qq56L3G6Yl9/ZSBOjw=
-30,-13,TvwkADdewI4EApmpPyFLk16m9FU=,DAxrG1/izAmDNa3mOYEJC6YAIa0=
-31,-12,TvwkADdewI4EApmpPyFLk16m9FU=,DAxrG1/izAmDNa3mOYEJC6YAIa0=
-30,-12,TvwkADdewI4EApmpPyFLk16m9FU=,DAxrG1/izAmDNa3mOYEJC6YAIa0=
-25,-11,TvwkADdewI4EApmpPyFLk16m9FU=,4MKxX8Hr+Qq56L3G6Yl9/ZSBOjw=
-28,-8,TvwkADdewI4EApmpPyFLk16m9FU=,4MKxX8Hr+Qq56L3G6Yl9/ZSBOjw=
-27,-8,TvwkADdewI4EApmpPyFLk16m9FU=,4MKxX8Hr+Qq56L3G6Yl9/ZSBOjw=
-26,-8,TvwkADdewI4EApmpPyFLk16m9FU=,4MKxX8Hr+Qq56L3G6Yl9/ZSBOjw=
-28,-10,TvwkADdewI4EApmpPyFLk16m9FU=,4MKxX8Hr+Qq56L3G6Yl9/ZSBOjw=
-25,-8,TvwkADdewI4EApmpPyFLk16m9FU=,4MKxX8Hr+Qq56L3G6Yl9/ZSBOjw=
-27,-10,TvwkADdewI4EApmpPyFLk16m9FU=,4MKxX8Hr+Qq56L3G6Yl9/ZSBOjw=
-26,-10,TvwkADdewI4EApmpPyFLk16m9FU=,4MKxX8Hr+Qq56L3G6Yl9/ZSBOjw=
-25,-10,TvwkADdewI4EApmpPyFLk16m9FU=,4MKxX8Hr+Qq56L3G6Yl9/ZSBOjw=
-29,-10,TvwkADdewI4EApmpPyFLk16m9FU=,DAxrG1/izAmDNa3mOYEJC6YAIa0=
-28,-15,TvwkADdewI4EApmpPyFLk16m9FU=,DAxrG1/izAmDNa3mOYEJC6YAIa0=
-27,-16,TvwkADdewI4EApmpPyFLk16m9FU=,DAxrG1/izAmDNa3mOYEJC6YAIa0=
-27,-15,TvwkADdewI4EApmpPyFLk16m9FU=,DAxrG1/izAmDNa3mOYEJC6YAIa0=
-26,-16,TvwkADdewI4EApmpPyFLk16m9FU=,DAxrG1/izAmDNa3mOYEJC6YAIa0=
-26,-15,TvwkADdewI4EApmpPyFLk16m9FU=,DAxrG1/izAmDNa3mOYEJC6YAIa0=
-28,-14,TvwkADdewI4EApmpPyFLk16m9FU=,DAxrG1/izAmDNa3mOYEJC6YAIa0=
-27,-14,TvwkADdewI4EApmpPyFLk16m9FU=,DAxrG1/izAmDNa3mOYEJC6YAIa0=
-26,-14,TvwkADdewI4EApmpPyFLk16m9FU=,DAxrG1/izAmDNa3mOYEJC6YAIa0=
-28,-13,TvwkADdewI4EApmpPyFLk16m9FU=,DAxrG1/izAmDNa3mOYEJC6YAIa0=
-29,-15,TvwkADdewI4EApmpPyFLk16m9FU=,DAxrG1/izAmDNa3mOYEJC6YAIa0=
-27,-13,TvwkADdewI4EApmpPyFLk16m9FU=,DAxrG1/izAmDNa3mOYEJC6YAIa0=
-26,-13,TvwkADdewI4EApmpPyFLk16m9FU=,DAxrG1/izAmDNa3mOYEJC6YAIa0=
-29,-14,TvwkADdewI4EApmpPyFLk16m9FU=,DAxrG1/izAmDNa3mOYEJC6YAIa0=
-28,-12,TvwkADdewI4EApmpPyFLk16m9FU=,4MKxX8Hr+Qq56L3G6Yl9/ZSBOjw=
-27,-12,TvwkADdewI4EApmpPyFLk16m9FU=,4MKxX8Hr+Qq56L3G6Yl9/ZSBOjw=
-29,-12,TvwkADdewI4EApmpPyFLk16m9FU=,DAxrG1/izAmDNa3mOYEJC6YAIa0=
-29,-13,TvwkADdewI4EApmpPyFLk16m9FU=,DAxrG1/izAmDNa3mOYEJC6YAIa0=
-26,-12,TvwkADdewI4EApmpPyFLk16m9FU=,4MKxX8Hr+Qq56L3G6Yl9/ZSBOjw=
-17,-10,TvwkADdewI4EApmpPyFLk16m9FU=,6XqI2u/IFll5Ez7Qk+7oX0Tx+FM=
-17,-11,TvwkADdewI4EApmpPyFLk16m9FU=,6XqI2u/IFll5Ez7Qk+7oX0Tx+FM=
-17,-2,TvwkADdewI4EApmpPyFLk16m9FU=,MOok6NFerEN1csHlOqcswef2Pkc=
-17,-4,TvwkADdewI4EApmpPyFLk16m9FU=,MOok6NFerEN1csHlOqcswef2Pkc=
-17,-3,TvwkADdewI4EApmpPyFLk16m9FU=,MOok6NFerEN1csHlOqcswef2Pkc=
-17,-5,TvwkADdewI4EApmpPyFLk16m9FU=,S1L7KRIaVNfcVo4K/WucxPyMAkE=
-19,-1,TvwkADdewI4EApmpPyFLk16m9FU=,MOok6NFerEN1csHlOqcswef2Pkc=
-17,-9,TvwkADdewI4EApmpPyFLk16m9FU=,6XqI2u/IFll5Ez7Qk+7oX0Tx+FM=
-18,-1,TvwkADdewI4EApmpPyFLk16m9FU=,MOok6NFerEN1csHlOqcswef2Pkc=
-17,-7,TvwkADdewI4EApmpPyFLk16m9FU=,S1L7KRIaVNfcVo4K/WucxPyMAkE=
-23,-1,TvwkADdewI4EApmpPyFLk16m9FU=,U9UGo0QTgiWYVjG7iG/qde9mDWw=
-17,-6,TvwkADdewI4EApmpPyFLk16m9FU=,S1L7KRIaVNfcVo4K/WucxPyMAkE=
-17,-8,TvwkADdewI4EApmpPyFLk16m9FU=,S1L7KRIaVNfcVo4K/WucxPyMAkE=
-27,-1,TvwkADdewI4EApmpPyFLk16m9FU=,4MKxX8Hr+Qq56L3G6Yl9/ZSBOjw=
-22,-1,TvwkADdewI4EApmpPyFLk16m9FU=,U9UGo0QTgiWYVjG7iG/qde9mDWw=
-25,-1,TvwkADdewI4EApmpPyFLk16m9FU=,4MKxX8Hr+Qq56L3G6Yl9/ZSBOjw=
-24,-1,TvwkADdewI4EApmpPyFLk16m9FU=,U9UGo0QTgiWYVjG7iG/qde9mDWw=
-26,-1,TvwkADdewI4EApmpPyFLk16m9FU=,4MKxX8Hr+Qq56L3G6Yl9/ZSBOjw=
-32,-3,TvwkADdewI4EApmpPyFLk16m9FU=,DAxrG1/izAmDNa3mOYEJC6YAIa0=
-32,-2,TvwkADdewI4EApmpPyFLk16m9FU=,DAxrG1/izAmDNa3mOYEJC6YAIa0=
-20,-1,TvwkADdewI4EApmpPyFLk16m9FU=,MOok6NFerEN1csHlOqcswef2Pkc=
-32,-5,TvwkADdewI4EApmpPyFLk16m9FU=,DAxrG1/izAmDNa3mOYEJC6YAIa0=
-32,-7,TvwkADdewI4EApmpPyFLk16m9FU=,DAxrG1/izAmDNa3mOYEJC6YAIa0=
-32,-6,TvwkADdewI4EApmpPyFLk16m9FU=,DAxrG1/izAmDNa3mOYEJC6YAIa0=
-32,-4,TvwkADdewI4EApmpPyFLk16m9FU=,DAxrG1/izAmDNa3mOYEJC6YAIa0=
-32,-9,TvwkADdewI4EApmpPyFLk16m9FU=,DAxrG1/izAmDNa3mOYEJC6YAIa0=
-32,-8,TvwkADdewI4EApmpPyFLk16m9FU=,DAxrG1/izAmDNa3mOYEJC6YAIa0=
-32,-11,TvwkADdewI4EApmpPyFLk16m9FU=,DAxrG1/izAmDNa3mOYEJC6YAIa0=
-32,-10,TvwkADdewI4EApmpPyFLk16m9FU=,DAxrG1/izAmDNa3mOYEJC6YAIa0=
-21,-1,TvwkADdewI4EApmpPyFLk16m9FU=,U9UGo0QTgiWYVjG7iG/qde9mDWw=
-28,-16,TvwkADdewI4EApmpPyFLk16m9FU=,DAxrG1/izAmDNa3mOYEJC6YAIa0=
-31,-16,TvwkADdewI4EApmpPyFLk16m9FU=,DAxrG1/izAmDNa3mOYEJC6YAIa0=
-30,-16,TvwkADdewI4EApmpPyFLk16m9FU=,DAxrG1/izAmDNa3mOYEJC6YAIa0=
-29,-16,TvwkADdewI4EApmpPyFLk16m9FU=,DAxrG1/izAmDNa3mOYEJC6YAIa0=
-32,-15,TvwkADdewI4EApmpPyFLk16m9FU=,DAxrG1/izAmDNa3mOYEJC6YAIa0=
-32,-14,TvwkADdewI4EApmpPyFLk16m9FU=,DAxrG1/izAmDNa3mOYEJC6YAIa0=
-32,-13,TvwkADdewI4EApmpPyFLk16m9FU=,DAxrG1/izAmDNa3mOYEJC6YAIa0=
-32,-16,TvwkADdewI4EApmpPyFLk16m9FU=,DAxrG1/izAmDNa3mOYEJC6YAIa0=
-32,-12,TvwkADdewI4EApmpPyFLk16m9FU=,DAxrG1/izAmDNa3mOYEJC6YAIa0=
-31,-1,TvwkADdewI4EApmpPyFLk16m9FU=,DAxrG1/izAmDNa3mOYEJC6YAIa0=
-25,-16,TvwkADdewI4EApmpPyFLk16m9FU=,DAxrG1/izAmDNa3mOYEJC6YAIa0=
-23,-14,TvwkADdewI4EApmpPyFLk16m9FU=,U9UGo0QTgiWYVjG7iG/qde9mDWw=
-22,-14,TvwkADdewI4EApmpPyFLk16m9FU=,U9UGo0QTgiWYVjG7iG/qde9mDWw=
-25,-12,TvwkADdewI4EApmpPyFLk16m9FU=,4MKxX8Hr+Qq56L3G6Yl9/ZSBOjw=
-24,-14,TvwkADdewI4EApmpPyFLk16m9FU=,U9UGo0QTgiWYVjG7iG/qde9mDWw=
-22,-15,TvwkADdewI4EApmpPyFLk16m9FU=,U9UGo0QTgiWYVjG7iG/qde9mDWw=
-30,-1,TvwkADdewI4EApmpPyFLk16m9FU=,DAxrG1/izAmDNa3mOYEJC6YAIa0=
-28,-1,TvwkADdewI4EApmpPyFLk16m9FU=,4MKxX8Hr+Qq56L3G6Yl9/ZSBOjw=
-24,-15,TvwkADdewI4EApmpPyFLk16m9FU=,U9UGo0QTgiWYVjG7iG/qde9mDWw=
-17,-1,TvwkADdewI4EApmpPyFLk16m9FU=,MOok6NFerEN1csHlOqcswef2Pkc=
-29,-1,TvwkADdewI4EApmpPyFLk16m9FU=,DAxrG1/izAmDNa3mOYEJC6YAIa0=
-22,-16,TvwkADdewI4EApmpPyFLk16m9FU=,U9UGo0QTgiWYVjG7iG/qde9mDWw=
-32,-1,TvwkADdewI4EApmpPyFLk16m9FU=,DAxrG1/izAmDNa3mOYEJC6YAIa0=
-22,-12,TvwkADdewI4EApmpPyFLk16m9FU=,U9UGo0QTgiWYVjG7iG/qde9mDWw=
-25,-13,TvwkADdewI4EApmpPyFLk16m9FU=,DAxrG1/izAmDNa3mOYEJC6YAIa0=
-23,-12,TvwkADdewI4EApmpPyFLk16m9FU=,U9UGo0QTgiWYVjG7iG/qde9mDWw=
-24,-12,TvwkADdewI4EApmpPyFLk16m9FU=,U9UGo0QTgiWYVjG7iG/qde9mDWw=
-23,-16,TvwkADdewI4EApmpPyFLk16m9FU=,U9UGo0QTgiWYVjG7iG/qde9mDWw=
-22,-13,TvwkADdewI4EApmpPyFLk16m9FU=,U9UGo0QTgiWYVjG7iG/qde9mDWw=
-23,-15,TvwkADdewI4EApmpPyFLk16m9FU=,U9UGo0QTgiWYVjG7iG/qde9mDWw=
-23,-13,TvwkADdewI4EApmpPyFLk16m9FU=,U9UGo0QTgiWYVjG7iG/qde9mDWw=
-25,-14,TvwkADdewI4EApmpPyFLk16m9FU=,DAxrG1/izAmDNa3mOYEJC6YAIa0=
-25,-15,TvwkADdewI4EApmpPyFLk16m9FU=,DAxrG1/izAmDNa3mOYEJC6YAIa0=
-24,-16,TvwkADdewI4EApmpPyFLk16m9FU=,U9UGo0QTgiWYVjG7iG/qde9mDWw=
-24,-13,TvwkADdewI4EApmpPyFLk16m9FU=,U9UGo0QTgiWYVjG7iG/qde9mDWw=
-20,-12,TvwkADdewI4EApmpPyFLk16m9FU=,6XqI2u/IFll5Ez7Qk+7oX0Tx+FM=
-19,-13,TvwkADdewI4EApmpPyFLk16m9FU=,6XqI2u/IFll5Ez7Qk+7oX0Tx+FM=
-18,-13,TvwkADdewI4EApmpPyFLk16m9FU=,6XqI2u/IFll5Ez7Qk+7oX0Tx+FM=
-17,-13,TvwkADdewI4EApmpPyFLk16m9FU=,6XqI2u/IFll5Ez7Qk+7oX0Tx+FM=
-20,-13,TvwkADdewI4EApmpPyFLk16m9FU=,6XqI2u/IFll5Ez7Qk+7oX0Tx+FM=
-18,-12,TvwkADdewI4EApmpPyFLk16m9FU=,6XqI2u/IFll5Ez7Qk+7oX0Tx+FM=
-17,-14,TvwkADdewI4EApmpPyFLk16m9FU=,6XqI2u/IFll5Ez7Qk+7oX0Tx+FM=
-18,-14,TvwkADdewI4EApmpPyFLk16m9FU=,6XqI2u/IFll5Ez7Qk+7oX0Tx+FM=
-19,-14,TvwkADdewI4EApmpPyFLk16m9FU=,6XqI2u/IFll5Ez7Qk+7oX0Tx+FM=
-20,-14,TvwkADdewI4EApmpPyFLk16m9FU=,6XqI2u/IFll5Ez7Qk+7oX0Tx+FM=
-17,-15,TvwkADdewI4EApmpPyFLk16m9FU=,6XqI2u/IFll5Ez7Qk+7oX0Tx+FM=
-17,-12,TvwkADdewI4EApmpPyFLk16m9FU=,6XqI2u/IFll5Ez7Qk+7oX0Tx+FM=
-19,-15,TvwkADdewI4EApmpPyFLk16m9FU=,6XqI2u/IFll5Ez7Qk+7oX0Tx+FM=
-20,-15,TvwkADdewI4EApmpPyFLk16m9FU=,6XqI2u/IFll5Ez7Qk+7oX0Tx+FM=
-21,-15,TvwkADdewI4EApmpPyFLk16m9FU=,U9UGo0QTgiWYVjG7iG/qde9mDWw=
-18,-16,TvwkADdewI4EApmpPyFLk16m9FU=,6XqI2u/IFll5Ez7Qk+7oX0Tx+FM=
-18,-15,TvwkADdewI4EApmpPyFLk16m9FU=,6XqI2u/IFll5Ez7Qk+7oX0Tx+FM=
-17,-16,TvwkADdewI4EApmpPyFLk16m9FU=,6XqI2u/IFll5Ez7Qk+7oX0Tx+FM=
-21,-16,TvwkADdewI4EApmpPyFLk16m9FU=,U9UGo0QTgiWYVjG7iG/qde9mDWw=
-19,-16,TvwkADdewI4EApmpPyFLk16m9FU=,6XqI2u/IFll5Ez7Qk+7oX0Tx+FM=
-21,-14,TvwkADdewI4EApmpPyFLk16m9FU=,U9UGo0QTgiWYVjG7iG/qde9mDWw=
-21,-12,TvwkADdewI4EApmpPyFLk16m9FU=,U9UGo0QTgiWYVjG7iG/qde9mDWw=
-19,-12,TvwkADdewI4EApmpPyFLk16m9FU=,6XqI2u/IFll5Ez7Qk+7oX0Tx+FM=
-21,-13,TvwkADdewI4EApmpPyFLk16m9FU=,U9UGo0QTgiWYVjG7iG/qde9mDWw=
-20,-16,TvwkADdewI4EApmpPyFLk16m9FU=,6XqI2u/IFll5Ez7Qk+7oX0Tx+FM=
