9,1,vbop3iGohWZ8HFikxzTRzVKFc5E=,rsmwJUsoghQWtyR4Dl+wdWigrac=
9,2,vbop3iGohWZ8HFikxzTRzVKFc5E=,rsmwJUsoghQWtyR4Dl+wdWigrac=
10,2,vbop3iGohWZ8HFikxzTRzVKFc5E=,rsmwJUsoghQWtyR4Dl+wdWigrac=
10,1,vbop3iGohWZ8HFikxzTRzVKFc5E=,rsmwJUsoghQWtyR4Dl+wdWigrac=
13,6,rUz6D+SaBQDK+hyP/QCQCFOmuFI=,Ay8JEu9+DTDNqWYqNAGUkwpKHVQ=
11,2,rUz6D+SaBQDK+hyP/QCQCFOmuFI=,rsmwJUsoghQWtyR4Dl+wdWigrac=
12,1,rUz6D+SaBQDK+hyP/QCQCFOmuFI=,hqRS5ux8kYX8V/NMyynDGx1t2Qk=
9,5,rUz6D+SaBQDK+hyP/QCQCFOmuFI=,82C+1/Vah2nu/xBjsm8a+CLNFXQ=
13,5,rUz6D+SaBQDK+hyP/QCQCFOmuFI=,Ay8JEu9+DTDNqWYqNAGUkwpKHVQ=
13,1,rUz6D+SaBQDK+hyP/QCQCFOmuFI=,hqRS5ux8kYX8V/NMyynDGx1t2Qk=
12,6,rUz6D+SaBQDK+hyP/QCQCFOmuFI=,Ay8JEu9+DTDNqWYqNAGUkwpKHVQ=
11,1,rUz6D+SaBQDK+hyP/QCQCFOmuFI=,rsmwJUsoghQWtyR4Dl+wdWigrac=
13,3,rUz6D+SaBQDK+hyP/QCQCFOmuFI=,hqRS5ux8kYX8V/NMyynDGx1t2Qk=
14,1,rUz6D+SaBQDK+hyP/QCQCFOmuFI=,hqRS5ux8kYX8V/NMyynDGx1t2Qk=
12,4,rUz6D+SaBQDK+hyP/QCQCFOmuFI=,Ay8JEu9+DTDNqWYqNAGUkwpKHVQ=
12,2,rUz6D+SaBQDK+hyP/QCQCFOmuFI=,hqRS5ux8kYX8V/NMyynDGx1t2Qk=
14,6,rUz6D+SaBQDK+hyP/QCQCFOmuFI=,Ay8JEu9+DTDNqWYqNAGUkwpKHVQ=
14,2,rUz6D+SaBQDK+hyP/QCQCFOmuFI=,hqRS5ux8kYX8V/NMyynDGx1t2Qk=
13,2,rUz6D+SaBQDK+hyP/QCQCFOmuFI=,hqRS5ux8kYX8V/NMyynDGx1t2Qk=
12,5,rUz6D+SaBQDK+hyP/QCQCFOmuFI=,Ay8JEu9+DTDNqWYqNAGUkwpKHVQ=
14,5,rUz6D+SaBQDK+hyP/QCQCFOmuFI=,Ay8JEu9+DTDNqWYqNAGUkwpKHVQ=
9,4,rUz6D+SaBQDK+hyP/QCQCFOmuFI=,82C+1/Vah2nu/xBjsm8a+CLNFXQ=
14,4,rUz6D+SaBQDK+hyP/QCQCFOmuFI=,Ay8JEu9+DTDNqWYqNAGUkwpKHVQ=
14,3,rUz6D+SaBQDK+hyP/QCQCFOmuFI=,hqRS5ux8kYX8V/NMyynDGx1t2Qk=
12,3,rUz6D+SaBQDK+hyP/QCQCFOmuFI=,hqRS5ux8kYX8V/NMyynDGx1t2Qk=
9,3,rUz6D+SaBQDK+hyP/QCQCFOmuFI=,rsmwJUsoghQWtyR4Dl+wdWigrac=
10,3,rUz6D+SaBQDK+hyP/QCQCFOmuFI=,rsmwJUsoghQWtyR4Dl+wdWigrac=
13,4,rUz6D+SaBQDK+hyP/QCQCFOmuFI=,Ay8JEu9+DTDNqWYqNAGUkwpKHVQ=
9,6,rUz6D+SaBQDK+hyP/QCQCFOmuFI=,82C+1/Vah2nu/xBjsm8a+CLNFXQ=
10,4,rUz6D+SaBQDK+hyP/QCQCFOmuFI=,82C+1/Vah2nu/xBjsm8a+CLNFXQ=
11,6,rUz6D+SaBQDK+hyP/QCQCFOmuFI=,82C+1/Vah2nu/xBjsm8a+CLNFXQ=
11,3,rUz6D+SaBQDK+hyP/QCQCFOmuFI=,rsmwJUsoghQWtyR4Dl+wdWigrac=
11,5,rUz6D+SaBQDK+hyP/QCQCFOmuFI=,82C+1/Vah2nu/xBjsm8a+CLNFXQ=
10,5,rUz6D+SaBQDK+hyP/QCQCFOmuFI=,82C+1/Vah2nu/xBjsm8a+CLNFXQ=
10,6,rUz6D+SaBQDK+hyP/QCQCFOmuFI=,82C+1/Vah2nu/xBjsm8a+CLNFXQ=
11,4,rUz6D+SaBQDK+hyP/QCQCFOmuFI=,82C+1/Vah2nu/xBjsm8a+CLNFXQ=
9,8,rUz6D+SaBQDK+hyP/QCQCFOmuFI=,LJqUFD553Cj3H6LnI3A2zZWFG+A=
10,8,rUz6D+SaBQDK+hyP/QCQCFOmuFI=,LJqUFD553Cj3H6LnI3A2zZWFG+A=
9,10,rUz6D+SaBQDK+hyP/QCQCFOmuFI=,LJqUFD553Cj3H6LnI3A2zZWFG+A=
10,7,rUz6D+SaBQDK+hyP/QCQCFOmuFI=,82C+1/Vah2nu/xBjsm8a+CLNFXQ=
9,7,rUz6D+SaBQDK+hyP/QCQCFOmuFI=,82C+1/Vah2nu/xBjsm8a+CLNFXQ=
10,9,rUz6D+SaBQDK+hyP/QCQCFOmuFI=,LJqUFD553Cj3H6LnI3A2zZWFG+A=
10,10,rUz6D+SaBQDK+hyP/QCQCFOmuFI=,LJqUFD553Cj3H6LnI3A2zZWFG+A=
9,9,rUz6D+SaBQDK+hyP/QCQCFOmuFI=,LJqUFD553Cj3H6LnI3A2zZWFG+A=
8,9,rUz6D+SaBQDK+hyP/QCQCFOmuFI=,LJqUFD553Cj3H6LnI3A2zZWFG+A=
12,8,rUz6D+SaBQDK+hyP/QCQCFOmuFI=,d6Oy2ODTUlpiSpeOJhz9s9Ucjgk=
7,10,rUz6D+SaBQDK+hyP/QCQCFOmuFI=,AmsR62BfTCbhWCruEdV7PPGQBMs=
5,9,rUz6D+SaBQDK+hyP/QCQCFOmuFI=,AmsR62BfTCbhWCruEdV7PPGQBMs=
12,7,rUz6D+SaBQDK+hyP/QCQCFOmuFI=,Ay8JEu9+DTDNqWYqNAGUkwpKHVQ=
7,9,rUz6D+SaBQDK+hyP/QCQCFOmuFI=,AmsR62BfTCbhWCruEdV7PPGQBMs=
5,10,rUz6D+SaBQDK+hyP/QCQCFOmuFI=,AmsR62BfTCbhWCruEdV7PPGQBMs=
13,7,rUz6D+SaBQDK+hyP/QCQCFOmuFI=,Ay8JEu9+DTDNqWYqNAGUkwpKHVQ=
8,10,rUz6D+SaBQDK+hyP/QCQCFOmuFI=,LJqUFD553Cj3H6LnI3A2zZWFG+A=
6,10,rUz6D+SaBQDK+hyP/QCQCFOmuFI=,AmsR62BfTCbhWCruEdV7PPGQBMs=
13,8,rUz6D+SaBQDK+hyP/QCQCFOmuFI=,d6Oy2ODTUlpiSpeOJhz9s9Ucjgk=
11,9,rUz6D+SaBQDK+hyP/QCQCFOmuFI=,LJqUFD553Cj3H6LnI3A2zZWFG+A=
6,9,rUz6D+SaBQDK+hyP/QCQCFOmuFI=,AmsR62BfTCbhWCruEdV7PPGQBMs=
11,7,rUz6D+SaBQDK+hyP/QCQCFOmuFI=,82C+1/Vah2nu/xBjsm8a+CLNFXQ=
14,10,rUz6D+SaBQDK+hyP/QCQCFOmuFI=,d6Oy2ODTUlpiSpeOJhz9s9Ucjgk=
11,8,rUz6D+SaBQDK+hyP/QCQCFOmuFI=,LJqUFD553Cj3H6LnI3A2zZWFG+A=
14,7,rUz6D+SaBQDK+hyP/QCQCFOmuFI=,Ay8JEu9+DTDNqWYqNAGUkwpKHVQ=
13,10,rUz6D+SaBQDK+hyP/QCQCFOmuFI=,d6Oy2ODTUlpiSpeOJhz9s9Ucjgk=
14,8,WYaJWK7eLmT1Dw60YfcyNJ6cUNA=,d6Oy2ODTUlpiSpeOJhz9s9Ucjgk=
11,10,WYaJWK7eLmT1Dw60YfcyNJ6cUNA=,LJqUFD553Cj3H6LnI3A2zZWFG+A=
14,9,WYaJWK7eLmT1Dw60YfcyNJ6cUNA=,d6Oy2ODTUlpiSpeOJhz9s9Ucjgk=
12,9,WYaJWK7eLmT1Dw60YfcyNJ6cUNA=,d6Oy2ODTUlpiSpeOJhz9s9Ucjgk=
13,9,WYaJWK7eLmT1Dw60YfcyNJ6cUNA=,d6Oy2ODTUlpiSpeOJhz9s9Ucjgk=
4,9,WYaJWK7eLmT1Dw60YfcyNJ6cUNA=,AmsR62BfTCbhWCruEdV7PPGQBMs=
12,10,WYaJWK7eLmT1Dw60YfcyNJ6cUNA=,d6Oy2ODTUlpiSpeOJhz9s9Ucjgk=
1,9,WYaJWK7eLmT1Dw60YfcyNJ6cUNA=,JrJSjbHFnz8s5JgZSHa4N+shbUc=
3,10,WYaJWK7eLmT1Dw60YfcyNJ6cUNA=,JrJSjbHFnz8s5JgZSHa4N+shbUc=
2,9,WYaJWK7eLmT1Dw60YfcyNJ6cUNA=,JrJSjbHFnz8s5JgZSHa4N+shbUc=
2,10,WYaJWK7eLmT1Dw60YfcyNJ6cUNA=,JrJSjbHFnz8s5JgZSHa4N+shbUc=
3,9,WYaJWK7eLmT1Dw60YfcyNJ6cUNA=,JrJSjbHFnz8s5JgZSHa4N+shbUc=
4,10,WYaJWK7eLmT1Dw60YfcyNJ6cUNA=,AmsR62BfTCbhWCruEdV7PPGQBMs=
1,10,WYaJWK7eLmT1Dw60YfcyNJ6cUNA=,JrJSjbHFnz8s5JgZSHa4N+shbUc=
5,14,WYaJWK7eLmT1Dw60YfcyNJ6cUNA=,UQcFx2yqYxFXqmnbzVpgQfVv8jQ=
5,13,WYaJWK7eLmT1Dw60YfcyNJ6cUNA=,UQcFx2yqYxFXqmnbzVpgQfVv8jQ=
6,14,WYaJWK7eLmT1Dw60YfcyNJ6cUNA=,UQcFx2yqYxFXqmnbzVpgQfVv8jQ=
5,11,WYaJWK7eLmT1Dw60YfcyNJ6cUNA=,AmsR62BfTCbhWCruEdV7PPGQBMs=
6,12,WYaJWK7eLmT1Dw60YfcyNJ6cUNA=,UQcFx2yqYxFXqmnbzVpgQfVv8jQ=
5,12,WYaJWK7eLmT1Dw60YfcyNJ6cUNA=,UQcFx2yqYxFXqmnbzVpgQfVv8jQ=
6,11,WYaJWK7eLmT1Dw60YfcyNJ6cUNA=,AmsR62BfTCbhWCruEdV7PPGQBMs=
6,13,WYaJWK7eLmT1Dw60YfcyNJ6cUNA=,UQcFx2yqYxFXqmnbzVpgQfVv8jQ=
2,12,WYaJWK7eLmT1Dw60YfcyNJ6cUNA=,4wmFNHoVz09QPfGRVCs06EnLUPw=
0,14,WYaJWK7eLmT1Dw60YfcyNJ6cUNA=,4wmFNHoVz09QPfGRVCs06EnLUPw=
3,14,WYaJWK7eLmT1Dw60YfcyNJ6cUNA=,4wmFNHoVz09QPfGRVCs06EnLUPw=
4,14,WYaJWK7eLmT1Dw60YfcyNJ6cUNA=,UQcFx2yqYxFXqmnbzVpgQfVv8jQ=
0,13,WYaJWK7eLmT1Dw60YfcyNJ6cUNA=,4wmFNHoVz09QPfGRVCs06EnLUPw=
4,13,WYaJWK7eLmT1Dw60YfcyNJ6cUNA=,UQcFx2yqYxFXqmnbzVpgQfVv8jQ=
4,11,WYaJWK7eLmT1Dw60YfcyNJ6cUNA=,AmsR62BfTCbhWCruEdV7PPGQBMs=
1,11,WYaJWK7eLmT1Dw60YfcyNJ6cUNA=,JrJSjbHFnz8s5JgZSHa4N+shbUc=
1,13,WYaJWK7eLmT1Dw60YfcyNJ6cUNA=,4wmFNHoVz09QPfGRVCs06EnLUPw=
2,11,WYaJWK7eLmT1Dw60YfcyNJ6cUNA=,JrJSjbHFnz8s5JgZSHa4N+shbUc=
2,15,WYaJWK7eLmT1Dw60YfcyNJ6cUNA=,4wmFNHoVz09QPfGRVCs06EnLUPw=
1,12,WYaJWK7eLmT1Dw60YfcyNJ6cUNA=,4wmFNHoVz09QPfGRVCs06EnLUPw=
2,14,WYaJWK7eLmT1Dw60YfcyNJ6cUNA=,4wmFNHoVz09QPfGRVCs06EnLUPw=
1,15,WYaJWK7eLmT1Dw60YfcyNJ6cUNA=,4wmFNHoVz09QPfGRVCs06EnLUPw=
3,11,WYaJWK7eLmT1Dw60YfcyNJ6cUNA=,JrJSjbHFnz8s5JgZSHa4N+shbUc=
4,12,WYaJWK7eLmT1Dw60YfcyNJ6cUNA=,UQcFx2yqYxFXqmnbzVpgQfVv8jQ=
2,13,WYaJWK7eLmT1Dw60YfcyNJ6cUNA=,4wmFNHoVz09QPfGRVCs06EnLUPw=
1,14,WYaJWK7eLmT1Dw60YfcyNJ6cUNA=,4wmFNHoVz09QPfGRVCs06EnLUPw=
3,12,WYaJWK7eLmT1Dw60YfcyNJ6cUNA=,4wmFNHoVz09QPfGRVCs06EnLUPw=
3,13,WYaJWK7eLmT1Dw60YfcyNJ6cUNA=,4wmFNHoVz09QPfGRVCs06EnLUPw=
8,13,WYaJWK7eLmT1Dw60YfcyNJ6cUNA=,P4PdlqTVjblyEHgQdqfoUHImL+s=
4,15,WYaJWK7eLmT1Dw60YfcyNJ6cUNA=,UQcFx2yqYxFXqmnbzVpgQfVv8jQ=
11,12,WYaJWK7eLmT1Dw60YfcyNJ6cUNA=,P4PdlqTVjblyEHgQdqfoUHImL+s=
11,11,WYaJWK7eLmT1Dw60YfcyNJ6cUNA=,LJqUFD553Cj3H6LnI3A2zZWFG+A=
7,15,WYaJWK7eLmT1Dw60YfcyNJ6cUNA=,UQcFx2yqYxFXqmnbzVpgQfVv8jQ=
7,13,WYaJWK7eLmT1Dw60YfcyNJ6cUNA=,UQcFx2yqYxFXqmnbzVpgQfVv8jQ=
10,11,WYaJWK7eLmT1Dw60YfcyNJ6cUNA=,LJqUFD553Cj3H6LnI3A2zZWFG+A=
7,12,WYaJWK7eLmT1Dw60YfcyNJ6cUNA=,UQcFx2yqYxFXqmnbzVpgQfVv8jQ=
7,14,WYaJWK7eLmT1Dw60YfcyNJ6cUNA=,UQcFx2yqYxFXqmnbzVpgQfVv8jQ=
15,14,WYaJWK7eLmT1Dw60YfcyNJ6cUNA=,VcOss7TyTwjBGxJoyjUEkIyOxWc=
11,15,WYaJWK7eLmT1Dw60YfcyNJ6cUNA=,P4PdlqTVjblyEHgQdqfoUHImL+s=
15,13,WYaJWK7eLmT1Dw60YfcyNJ6cUNA=,VcOss7TyTwjBGxJoyjUEkIyOxWc=
6,15,WYaJWK7eLmT1Dw60YfcyNJ6cUNA=,UQcFx2yqYxFXqmnbzVpgQfVv8jQ=
5,15,WYaJWK7eLmT1Dw60YfcyNJ6cUNA=,UQcFx2yqYxFXqmnbzVpgQfVv8jQ=
10,15,WYaJWK7eLmT1Dw60YfcyNJ6cUNA=,P4PdlqTVjblyEHgQdqfoUHImL+s=
3,15,WYaJWK7eLmT1Dw60YfcyNJ6cUNA=,4wmFNHoVz09QPfGRVCs06EnLUPw=
12,15,WYaJWK7eLmT1Dw60YfcyNJ6cUNA=,VcOss7TyTwjBGxJoyjUEkIyOxWc=
14,11,WYaJWK7eLmT1Dw60YfcyNJ6cUNA=,d6Oy2ODTUlpiSpeOJhz9s9Ucjgk=
11,14,WYaJWK7eLmT1Dw60YfcyNJ6cUNA=,P4PdlqTVjblyEHgQdqfoUHImL+s=
9,11,WYaJWK7eLmT1Dw60YfcyNJ6cUNA=,LJqUFD553Cj3H6LnI3A2zZWFG+A=
9,15,WYaJWK7eLmT1Dw60YfcyNJ6cUNA=,P4PdlqTVjblyEHgQdqfoUHImL+s=
14,15,WYaJWK7eLmT1Dw60YfcyNJ6cUNA=,VcOss7TyTwjBGxJoyjUEkIyOxWc=
15,6,WYaJWK7eLmT1Dw60YfcyNJ6cUNA=,Ay8JEu9+DTDNqWYqNAGUkwpKHVQ=
15,5,WYaJWK7eLmT1Dw60YfcyNJ6cUNA=,Ay8JEu9+DTDNqWYqNAGUkwpKHVQ=
14,12,WYaJWK7eLmT1Dw60YfcyNJ6cUNA=,VcOss7TyTwjBGxJoyjUEkIyOxWc=
10,14,WYaJWK7eLmT1Dw60YfcyNJ6cUNA=,P4PdlqTVjblyEHgQdqfoUHImL+s=
10,12,WYaJWK7eLmT1Dw60YfcyNJ6cUNA=,P4PdlqTVjblyEHgQdqfoUHImL+s=
12,13,WYaJWK7eLmT1Dw60YfcyNJ6cUNA=,VcOss7TyTwjBGxJoyjUEkIyOxWc=
14,14,WYaJWK7eLmT1Dw60YfcyNJ6cUNA=,VcOss7TyTwjBGxJoyjUEkIyOxWc=
8,11,WYaJWK7eLmT1Dw60YfcyNJ6cUNA=,LJqUFD553Cj3H6LnI3A2zZWFG+A=
9,12,WYaJWK7eLmT1Dw60YfcyNJ6cUNA=,P4PdlqTVjblyEHgQdqfoUHImL+s=
8,12,WYaJWK7eLmT1Dw60YfcyNJ6cUNA=,P4PdlqTVjblyEHgQdqfoUHImL+s=
15,4,WYaJWK7eLmT1Dw60YfcyNJ6cUNA=,Ay8JEu9+DTDNqWYqNAGUkwpKHVQ=
8,14,WYaJWK7eLmT1Dw60YfcyNJ6cUNA=,P4PdlqTVjblyEHgQdqfoUHImL+s=
7,11,WYaJWK7eLmT1Dw60YfcyNJ6cUNA=,AmsR62BfTCbhWCruEdV7PPGQBMs=
13,12,WYaJWK7eLmT1Dw60YfcyNJ6cUNA=,VcOss7TyTwjBGxJoyjUEkIyOxWc=
9,14,WYaJWK7eLmT1Dw60YfcyNJ6cUNA=,P4PdlqTVjblyEHgQdqfoUHImL+s=
11,13,WYaJWK7eLmT1Dw60YfcyNJ6cUNA=,P4PdlqTVjblyEHgQdqfoUHImL+s=
12,12,WYaJWK7eLmT1Dw60YfcyNJ6cUNA=,VcOss7TyTwjBGxJoyjUEkIyOxWc=
13,15,WYaJWK7eLmT1Dw60YfcyNJ6cUNA=,VcOss7TyTwjBGxJoyjUEkIyOxWc=
13,14,WYaJWK7eLmT1Dw60YfcyNJ6cUNA=,VcOss7TyTwjBGxJoyjUEkIyOxWc=
9,13,WYaJWK7eLmT1Dw60YfcyNJ6cUNA=,P4PdlqTVjblyEHgQdqfoUHImL+s=
12,14,WYaJWK7eLmT1Dw60YfcyNJ6cUNA=,VcOss7TyTwjBGxJoyjUEkIyOxWc=
12,11,WYaJWK7eLmT1Dw60YfcyNJ6cUNA=,d6Oy2ODTUlpiSpeOJhz9s9Ucjgk=
14,13,WYaJWK7eLmT1Dw60YfcyNJ6cUNA=,VcOss7TyTwjBGxJoyjUEkIyOxWc=
15,3,WYaJWK7eLmT1Dw60YfcyNJ6cUNA=,hqRS5ux8kYX8V/NMyynDGx1t2Qk=
15,2,WYaJWK7eLmT1Dw60YfcyNJ6cUNA=,hqRS5ux8kYX8V/NMyynDGx1t2Qk=
15,1,WYaJWK7eLmT1Dw60YfcyNJ6cUNA=,hqRS5ux8kYX8V/NMyynDGx1t2Qk=
13,11,WYaJWK7eLmT1Dw60YfcyNJ6cUNA=,d6Oy2ODTUlpiSpeOJhz9s9Ucjgk=
15,8,WYaJWK7eLmT1Dw60YfcyNJ6cUNA=,d6Oy2ODTUlpiSpeOJhz9s9Ucjgk=
8,15,WYaJWK7eLmT1Dw60YfcyNJ6cUNA=,P4PdlqTVjblyEHgQdqfoUHImL+s=
13,13,WYaJWK7eLmT1Dw60YfcyNJ6cUNA=,VcOss7TyTwjBGxJoyjUEkIyOxWc=
13,0,WYaJWK7eLmT1Dw60YfcyNJ6cUNA=,hqRS5ux8kYX8V/NMyynDGx1t2Qk=
14,0,WYaJWK7eLmT1Dw60YfcyNJ6cUNA=,hqRS5ux8kYX8V/NMyynDGx1t2Qk=
15,9,WYaJWK7eLmT1Dw60YfcyNJ6cUNA=,d6Oy2ODTUlpiSpeOJhz9s9Ucjgk=
15,10,WYaJWK7eLmT1Dw60YfcyNJ6cUNA=,d6Oy2ODTUlpiSpeOJhz9s9Ucjgk=
10,13,WYaJWK7eLmT1Dw60YfcyNJ6cUNA=,P4PdlqTVjblyEHgQdqfoUHImL+s=
15,11,WYaJWK7eLmT1Dw60YfcyNJ6cUNA=,d6Oy2ODTUlpiSpeOJhz9s9Ucjgk=
15,12,WYaJWK7eLmT1Dw60YfcyNJ6cUNA=,VcOss7TyTwjBGxJoyjUEkIyOxWc=
12,0,WYaJWK7eLmT1Dw60YfcyNJ6cUNA=,hqRS5ux8kYX8V/NMyynDGx1t2Qk=
9,0,WYaJWK7eLmT1Dw60YfcyNJ6cUNA=,rsmwJUsoghQWtyR4Dl+wdWigrac=
15,7,WYaJWK7eLmT1Dw60YfcyNJ6cUNA=,Ay8JEu9+DTDNqWYqNAGUkwpKHVQ=
10,0,WYaJWK7eLmT1Dw60YfcyNJ6cUNA=,rsmwJUsoghQWtyR4Dl+wdWigrac=
11,0,WYaJWK7eLmT1Dw60YfcyNJ6cUNA=,rsmwJUsoghQWtyR4Dl+wdWigrac=
1,1,WYaJWK7eLmT1Dw60YfcyNJ6cUNA=,GXdW5WNiCbVnch4aFyWOpIvomIM=
2,2,WYaJWK7eLmT1Dw60YfcyNJ6cUNA=,GXdW5WNiCbVnch4aFyWOpIvomIM=
1,2,WYaJWK7eLmT1Dw60YfcyNJ6cUNA=,GXdW5WNiCbVnch4aFyWOpIvomIM=
2,1,WYaJWK7eLmT1Dw60YfcyNJ6cUNA=,GXdW5WNiCbVnch4aFyWOpIvomIM=
3,1,WYaJWK7eLmT1Dw60YfcyNJ6cUNA=,GXdW5WNiCbVnch4aFyWOpIvomIM=
7,2,WYaJWK7eLmT1Dw60YfcyNJ6cUNA=,8RAuk/xO5/HUtZGd46IVDSOBJEc=
8,0,WYaJWK7eLmT1Dw60YfcyNJ6cUNA=,rsmwJUsoghQWtyR4Dl+wdWigrac=
5,0,WYaJWK7eLmT1Dw60YfcyNJ6cUNA=,8RAuk/xO5/HUtZGd46IVDSOBJEc=
5,1,WYaJWK7eLmT1Dw60YfcyNJ6cUNA=,8RAuk/xO5/HUtZGd46IVDSOBJEc=
5,2,WYaJWK7eLmT1Dw60YfcyNJ6cUNA=,8RAuk/xO5/HUtZGd46IVDSOBJEc=
3,3,WYaJWK7eLmT1Dw60YfcyNJ6cUNA=,GXdW5WNiCbVnch4aFyWOpIvomIM=
6,2,WYaJWK7eLmT1Dw60YfcyNJ6cUNA=,8RAuk/xO5/HUtZGd46IVDSOBJEc=
3,2,WYaJWK7eLmT1Dw60YfcyNJ6cUNA=,GXdW5WNiCbVnch4aFyWOpIvomIM=
2,6,WYaJWK7eLmT1Dw60YfcyNJ6cUNA=,JbFv4OuTDYpXxLL25Bgi2CSWarU=
4,2,WYaJWK7eLmT1Dw60YfcyNJ6cUNA=,8RAuk/xO5/HUtZGd46IVDSOBJEc=
8,1,WYaJWK7eLmT1Dw60YfcyNJ6cUNA=,rsmwJUsoghQWtyR4Dl+wdWigrac=
0,5,WYaJWK7eLmT1Dw60YfcyNJ6cUNA=,JbFv4OuTDYpXxLL25Bgi2CSWarU=
1,3,WYaJWK7eLmT1Dw60YfcyNJ6cUNA=,GXdW5WNiCbVnch4aFyWOpIvomIM=
1,7,WYaJWK7eLmT1Dw60YfcyNJ6cUNA=,JbFv4OuTDYpXxLL25Bgi2CSWarU=
2,7,WYaJWK7eLmT1Dw60YfcyNJ6cUNA=,JbFv4OuTDYpXxLL25Bgi2CSWarU=
6,0,WYaJWK7eLmT1Dw60YfcyNJ6cUNA=,8RAuk/xO5/HUtZGd46IVDSOBJEc=
2,8,WYaJWK7eLmT1Dw60YfcyNJ6cUNA=,JrJSjbHFnz8s5JgZSHa4N+shbUc=
8,2,WYaJWK7eLmT1Dw60YfcyNJ6cUNA=,rsmwJUsoghQWtyR4Dl+wdWigrac=
2,5,WYaJWK7eLmT1Dw60YfcyNJ6cUNA=,JbFv4OuTDYpXxLL25Bgi2CSWarU=
8,8,WYaJWK7eLmT1Dw60YfcyNJ6cUNA=,LJqUFD553Cj3H6LnI3A2zZWFG+A=
1,8,WYaJWK7eLmT1Dw60YfcyNJ6cUNA=,JrJSjbHFnz8s5JgZSHa4N+shbUc=
6,1,WYaJWK7eLmT1Dw60YfcyNJ6cUNA=,8RAuk/xO5/HUtZGd46IVDSOBJEc=
2,3,WYaJWK7eLmT1Dw60YfcyNJ6cUNA=,GXdW5WNiCbVnch4aFyWOpIvomIM=
2,4,WYaJWK7eLmT1Dw60YfcyNJ6cUNA=,JbFv4OuTDYpXxLL25Bgi2CSWarU=
1,5,WYaJWK7eLmT1Dw60YfcyNJ6cUNA=,JbFv4OuTDYpXxLL25Bgi2CSWarU=
1,6,WYaJWK7eLmT1Dw60YfcyNJ6cUNA=,JbFv4OuTDYpXxLL25Bgi2CSWarU=
4,1,WYaJWK7eLmT1Dw60YfcyNJ6cUNA=,8RAuk/xO5/HUtZGd46IVDSOBJEc=
0,8,WYaJWK7eLmT1Dw60YfcyNJ6cUNA=,JrJSjbHFnz8s5JgZSHa4N+shbUc=
7,1,WYaJWK7eLmT1Dw60YfcyNJ6cUNA=,8RAuk/xO5/HUtZGd46IVDSOBJEc=
1,4,WYaJWK7eLmT1Dw60YfcyNJ6cUNA=,JbFv4OuTDYpXxLL25Bgi2CSWarU=
7,0,WYaJWK7eLmT1Dw60YfcyNJ6cUNA=,8RAuk/xO5/HUtZGd46IVDSOBJEc=
8,7,WYaJWK7eLmT1Dw60YfcyNJ6cUNA=,82C+1/Vah2nu/xBjsm8a+CLNFXQ=
0,9,WYaJWK7eLmT1Dw60YfcyNJ6cUNA=,JrJSjbHFnz8s5JgZSHa4N+shbUc=
15,15,WYaJWK7eLmT1Dw60YfcyNJ6cUNA=,VcOss7TyTwjBGxJoyjUEkIyOxWc=
0,11,WYaJWK7eLmT1Dw60YfcyNJ6cUNA=,JrJSjbHFnz8s5JgZSHa4N+shbUc=
15,0,WYaJWK7eLmT1Dw60YfcyNJ6cUNA=,hqRS5ux8kYX8V/NMyynDGx1t2Qk=
0,12,WYaJWK7eLmT1Dw60YfcyNJ6cUNA=,4wmFNHoVz09QPfGRVCs06EnLUPw=
4,3,WYaJWK7eLmT1Dw60YfcyNJ6cUNA=,8RAuk/xO5/HUtZGd46IVDSOBJEc=
4,8,WYaJWK7eLmT1Dw60YfcyNJ6cUNA=,AmsR62BfTCbhWCruEdV7PPGQBMs=
5,7,WYaJWK7eLmT1Dw60YfcyNJ6cUNA=,hZ9lo8WHiiT+riqRiqAly907aFc=
0,10,WYaJWK7eLmT1Dw60YfcyNJ6cUNA=,JrJSjbHFnz8s5JgZSHa4N+shbUc=
0,7,WYaJWK7eLmT1Dw60YfcyNJ6cUNA=,JbFv4OuTDYpXxLL25Bgi2CSWarU=
4,7,WYaJWK7eLmT1Dw60YfcyNJ6cUNA=,hZ9lo8WHiiT+riqRiqAly907aFc=
0,6,WYaJWK7eLmT1Dw60YfcyNJ6cUNA=,JbFv4OuTDYpXxLL25Bgi2CSWarU=
3,7,WYaJWK7eLmT1Dw60YfcyNJ6cUNA=,JbFv4OuTDYpXxLL25Bgi2CSWarU=
0,3,WYaJWK7eLmT1Dw60YfcyNJ6cUNA=,GXdW5WNiCbVnch4aFyWOpIvomIM=
7,6,WYaJWK7eLmT1Dw60YfcyNJ6cUNA=,hZ9lo8WHiiT+riqRiqAly907aFc=
3,8,WYaJWK7eLmT1Dw60YfcyNJ6cUNA=,JrJSjbHFnz8s5JgZSHa4N+shbUc=
7,8,WYaJWK7eLmT1Dw60YfcyNJ6cUNA=,AmsR62BfTCbhWCruEdV7PPGQBMs=
0,0,WYaJWK7eLmT1Dw60YfcyNJ6cUNA=,GXdW5WNiCbVnch4aFyWOpIvomIM=
1,0,WYaJWK7eLmT1Dw60YfcyNJ6cUNA=,GXdW5WNiCbVnch4aFyWOpIvomIM=
8,5,WYaJWK7eLmT1Dw60YfcyNJ6cUNA=,82C+1/Vah2nu/xBjsm8a+CLNFXQ=
6,6,WYaJWK7eLmT1Dw60YfcyNJ6cUNA=,hZ9lo8WHiiT+riqRiqAly907aFc=
3,0,WYaJWK7eLmT1Dw60YfcyNJ6cUNA=,GXdW5WNiCbVnch4aFyWOpIvomIM=
3,5,WYaJWK7eLmT1Dw60YfcyNJ6cUNA=,JbFv4OuTDYpXxLL25Bgi2CSWarU=
3,4,WYaJWK7eLmT1Dw60YfcyNJ6cUNA=,JbFv4OuTDYpXxLL25Bgi2CSWarU=
0,15,WYaJWK7eLmT1Dw60YfcyNJ6cUNA=,4wmFNHoVz09QPfGRVCs06EnLUPw=
2,0,WYaJWK7eLmT1Dw60YfcyNJ6cUNA=,GXdW5WNiCbVnch4aFyWOpIvomIM=
4,0,WYaJWK7eLmT1Dw60YfcyNJ6cUNA=,8RAuk/xO5/HUtZGd46IVDSOBJEc=
5,6,WYaJWK7eLmT1Dw60YfcyNJ6cUNA=,hZ9lo8WHiiT+riqRiqAly907aFc=
7,5,WYaJWK7eLmT1Dw60YfcyNJ6cUNA=,hZ9lo8WHiiT+riqRiqAly907aFc=
0,1,WYaJWK7eLmT1Dw60YfcyNJ6cUNA=,GXdW5WNiCbVnch4aFyWOpIvomIM=
4,6,WYaJWK7eLmT1Dw60YfcyNJ6cUNA=,hZ9lo8WHiiT+riqRiqAly907aFc=
5,5,WYaJWK7eLmT1Dw60YfcyNJ6cUNA=,hZ9lo8WHiiT+riqRiqAly907aFc=
6,5,WYaJWK7eLmT1Dw60YfcyNJ6cUNA=,hZ9lo8WHiiT+riqRiqAly907aFc=
4,5,WYaJWK7eLmT1Dw60YfcyNJ6cUNA=,hZ9lo8WHiiT+riqRiqAly907aFc=
5,8,WYaJWK7eLmT1Dw60YfcyNJ6cUNA=,AmsR62BfTCbhWCruEdV7PPGQBMs=
7,4,WYaJWK7eLmT1Dw60YfcyNJ6cUNA=,hZ9lo8WHiiT+riqRiqAly907aFc=
8,6,WYaJWK7eLmT1Dw60YfcyNJ6cUNA=,82C+1/Vah2nu/xBjsm8a+CLNFXQ=
6,7,WYaJWK7eLmT1Dw60YfcyNJ6cUNA=,hZ9lo8WHiiT+riqRiqAly907aFc=
7,7,WYaJWK7eLmT1Dw60YfcyNJ6cUNA=,hZ9lo8WHiiT+riqRiqAly907aFc=
7,3,WYaJWK7eLmT1Dw60YfcyNJ6cUNA=,8RAuk/xO5/HUtZGd46IVDSOBJEc=
6,8,WYaJWK7eLmT1Dw60YfcyNJ6cUNA=,AmsR62BfTCbhWCruEdV7PPGQBMs=
3,6,WYaJWK7eLmT1Dw60YfcyNJ6cUNA=,JbFv4OuTDYpXxLL25Bgi2CSWarU=
6,4,WYaJWK7eLmT1Dw60YfcyNJ6cUNA=,hZ9lo8WHiiT+riqRiqAly907aFc=
6,3,WYaJWK7eLmT1Dw60YfcyNJ6cUNA=,8RAuk/xO5/HUtZGd46IVDSOBJEc=
5,4,WYaJWK7eLmT1Dw60YfcyNJ6cUNA=,hZ9lo8WHiiT+riqRiqAly907aFc=
0,2,WYaJWK7eLmT1Dw60YfcyNJ6cUNA=,GXdW5WNiCbVnch4aFyWOpIvomIM=
4,4,WYaJWK7eLmT1Dw60YfcyNJ6cUNA=,hZ9lo8WHiiT+riqRiqAly907aFc=
8,4,WYaJWK7eLmT1Dw60YfcyNJ6cUNA=,82C+1/Vah2nu/xBjsm8a+CLNFXQ=
8,3,WYaJWK7eLmT1Dw60YfcyNJ6cUNA=,rsmwJUsoghQWtyR4Dl+wdWigrac=
5,3,WYaJWK7eLmT1Dw60YfcyNJ6cUNA=,8RAuk/xO5/HUtZGd46IVDSOBJEc=
0,4,WYaJWK7eLmT1Dw60YfcyNJ6cUNA=,JbFv4OuTDYpXxLL25Bgi2CSWarU=
5,25,WYaJWK7eLmT1Dw60YfcyNJ6cUNA=,xfOcIXTjtpxtJGc0yMmYROz0U0M=
6,25,WYaJWK7eLmT1Dw60YfcyNJ6cUNA=,xfOcIXTjtpxtJGc0yMmYROz0U0M=
6,26,WYaJWK7eLmT1Dw60YfcyNJ6cUNA=,xfOcIXTjtpxtJGc0yMmYROz0U0M=
5,26,WYaJWK7eLmT1Dw60YfcyNJ6cUNA=,xfOcIXTjtpxtJGc0yMmYROz0U0M=
10,26,WYaJWK7eLmT1Dw60YfcyNJ6cUNA=,jJ3MowePVAuyAxgtDLVzANSzhRU=
9,26,WYaJWK7eLmT1Dw60YfcyNJ6cUNA=,jJ3MowePVAuyAxgtDLVzANSzhRU=
8,25,WYaJWK7eLmT1Dw60YfcyNJ6cUNA=,jJ3MowePVAuyAxgtDLVzANSzhRU=
8,26,WYaJWK7eLmT1Dw60YfcyNJ6cUNA=,jJ3MowePVAuyAxgtDLVzANSzhRU=
5,21,WYaJWK7eLmT1Dw60YfcyNJ6cUNA=,1WcrG9ENL4J0JcgUUiwoEUCLfbQ=
6,21,WYaJWK7eLmT1Dw60YfcyNJ6cUNA=,1WcrG9ENL4J0JcgUUiwoEUCLfbQ=
5,22,WYaJWK7eLmT1Dw60YfcyNJ6cUNA=,1WcrG9ENL4J0JcgUUiwoEUCLfbQ=
6,22,WYaJWK7eLmT1Dw60YfcyNJ6cUNA=,1WcrG9ENL4J0JcgUUiwoEUCLfbQ=
5,24,WYaJWK7eLmT1Dw60YfcyNJ6cUNA=,xfOcIXTjtpxtJGc0yMmYROz0U0M=
5,23,WYaJWK7eLmT1Dw60YfcyNJ6cUNA=,1WcrG9ENL4J0JcgUUiwoEUCLfbQ=
9,25,WYaJWK7eLmT1Dw60YfcyNJ6cUNA=,jJ3MowePVAuyAxgtDLVzANSzhRU=
7,26,WYaJWK7eLmT1Dw60YfcyNJ6cUNA=,xfOcIXTjtpxtJGc0yMmYROz0U0M=
10,25,WYaJWK7eLmT1Dw60YfcyNJ6cUNA=,jJ3MowePVAuyAxgtDLVzANSzhRU=
7,25,WYaJWK7eLmT1Dw60YfcyNJ6cUNA=,xfOcIXTjtpxtJGc0yMmYROz0U0M=
6,24,WYaJWK7eLmT1Dw60YfcyNJ6cUNA=,xfOcIXTjtpxtJGc0yMmYROz0U0M=
6,23,WYaJWK7eLmT1Dw60YfcyNJ6cUNA=,1WcrG9ENL4J0JcgUUiwoEUCLfbQ=
8,23,WYaJWK7eLmT1Dw60YfcyNJ6cUNA=,jJ3MowePVAuyAxgtDLVzANSzhRU=
10,22,WYaJWK7eLmT1Dw60YfcyNJ6cUNA=,jJ3MowePVAuyAxgtDLVzANSzhRU=
9,22,WYaJWK7eLmT1Dw60YfcyNJ6cUNA=,jJ3MowePVAuyAxgtDLVzANSzhRU=
8,22,WYaJWK7eLmT1Dw60YfcyNJ6cUNA=,jJ3MowePVAuyAxgtDLVzANSzhRU=
10,21,WYaJWK7eLmT1Dw60YfcyNJ6cUNA=,jJ3MowePVAuyAxgtDLVzANSzhRU=
9,21,WYaJWK7eLmT1Dw60YfcyNJ6cUNA=,jJ3MowePVAuyAxgtDLVzANSzhRU=
8,21,WYaJWK7eLmT1Dw60YfcyNJ6cUNA=,jJ3MowePVAuyAxgtDLVzANSzhRU=
9,24,WYaJWK7eLmT1Dw60YfcyNJ6cUNA=,jJ3MowePVAuyAxgtDLVzANSzhRU=
10,24,WYaJWK7eLmT1Dw60YfcyNJ6cUNA=,jJ3MowePVAuyAxgtDLVzANSzhRU=
7,24,WYaJWK7eLmT1Dw60YfcyNJ6cUNA=,xfOcIXTjtpxtJGc0yMmYROz0U0M=
7,23,WYaJWK7eLmT1Dw60YfcyNJ6cUNA=,1WcrG9ENL4J0JcgUUiwoEUCLfbQ=
7,22,WYaJWK7eLmT1Dw60YfcyNJ6cUNA=,1WcrG9ENL4J0JcgUUiwoEUCLfbQ=
7,21,WYaJWK7eLmT1Dw60YfcyNJ6cUNA=,1WcrG9ENL4J0JcgUUiwoEUCLfbQ=
10,23,WYaJWK7eLmT1Dw60YfcyNJ6cUNA=,jJ3MowePVAuyAxgtDLVzANSzhRU=
8,24,WYaJWK7eLmT1Dw60YfcyNJ6cUNA=,jJ3MowePVAuyAxgtDLVzANSzhRU=
9,23,WYaJWK7eLmT1Dw60YfcyNJ6cUNA=,jJ3MowePVAuyAxgtDLVzANSzhRU=
5,19,WYaJWK7eLmT1Dw60YfcyNJ6cUNA=,T3lAUkd//Ee9WosbBEftvJB6ppk=
6,19,WYaJWK7eLmT1Dw60YfcyNJ6cUNA=,T3lAUkd//Ee9WosbBEftvJB6ppk=
5,17,WYaJWK7eLmT1Dw60YfcyNJ6cUNA=,T3lAUkd//Ee9WosbBEftvJB6ppk=
6,17,WYaJWK7eLmT1Dw60YfcyNJ6cUNA=,T3lAUkd//Ee9WosbBEftvJB6ppk=
6,18,WYaJWK7eLmT1Dw60YfcyNJ6cUNA=,T3lAUkd//Ee9WosbBEftvJB6ppk=
5,18,WYaJWK7eLmT1Dw60YfcyNJ6cUNA=,T3lAUkd//Ee9WosbBEftvJB6ppk=
5,20,WYaJWK7eLmT1Dw60YfcyNJ6cUNA=,1WcrG9ENL4J0JcgUUiwoEUCLfbQ=
12,21,WYaJWK7eLmT1Dw60YfcyNJ6cUNA=,VcOss7TyTwjBGxJoyjUEkIyOxWc=
14,22,WYaJWK7eLmT1Dw60YfcyNJ6cUNA=,VcOss7TyTwjBGxJoyjUEkIyOxWc=
11,22,WYaJWK7eLmT1Dw60YfcyNJ6cUNA=,jJ3MowePVAuyAxgtDLVzANSzhRU=
6,20,WYaJWK7eLmT1Dw60YfcyNJ6cUNA=,1WcrG9ENL4J0JcgUUiwoEUCLfbQ=
13,21,WYaJWK7eLmT1Dw60YfcyNJ6cUNA=,VcOss7TyTwjBGxJoyjUEkIyOxWc=
12,22,WYaJWK7eLmT1Dw60YfcyNJ6cUNA=,VcOss7TyTwjBGxJoyjUEkIyOxWc=
13,22,WYaJWK7eLmT1Dw60YfcyNJ6cUNA=,VcOss7TyTwjBGxJoyjUEkIyOxWc=
11,21,WYaJWK7eLmT1Dw60YfcyNJ6cUNA=,jJ3MowePVAuyAxgtDLVzANSzhRU=
14,21,WYaJWK7eLmT1Dw60YfcyNJ6cUNA=,VcOss7TyTwjBGxJoyjUEkIyOxWc=
8,19,WYaJWK7eLmT1Dw60YfcyNJ6cUNA=,q4oarHTn0J+5ilr89rcCaYCVMDw=
10,18,WYaJWK7eLmT1Dw60YfcyNJ6cUNA=,q4oarHTn0J+5ilr89rcCaYCVMDw=
7,18,WYaJWK7eLmT1Dw60YfcyNJ6cUNA=,T3lAUkd//Ee9WosbBEftvJB6ppk=
9,18,WYaJWK7eLmT1Dw60YfcyNJ6cUNA=,q4oarHTn0J+5ilr89rcCaYCVMDw=
7,20,WYaJWK7eLmT1Dw60YfcyNJ6cUNA=,1WcrG9ENL4J0JcgUUiwoEUCLfbQ=
7,19,WYaJWK7eLmT1Dw60YfcyNJ6cUNA=,T3lAUkd//Ee9WosbBEftvJB6ppk=
7,17,WYaJWK7eLmT1Dw60YfcyNJ6cUNA=,T3lAUkd//Ee9WosbBEftvJB6ppk=
8,18,WYaJWK7eLmT1Dw60YfcyNJ6cUNA=,q4oarHTn0J+5ilr89rcCaYCVMDw=
10,17,WYaJWK7eLmT1Dw60YfcyNJ6cUNA=,q4oarHTn0J+5ilr89rcCaYCVMDw=
9,19,WYaJWK7eLmT1Dw60YfcyNJ6cUNA=,q4oarHTn0J+5ilr89rcCaYCVMDw=
8,17,WYaJWK7eLmT1Dw60YfcyNJ6cUNA=,q4oarHTn0J+5ilr89rcCaYCVMDw=
9,17,WYaJWK7eLmT1Dw60YfcyNJ6cUNA=,q4oarHTn0J+5ilr89rcCaYCVMDw=
10,20,WYaJWK7eLmT1Dw60YfcyNJ6cUNA=,jJ3MowePVAuyAxgtDLVzANSzhRU=
8,20,WYaJWK7eLmT1Dw60YfcyNJ6cUNA=,jJ3MowePVAuyAxgtDLVzANSzhRU=
9,20,WYaJWK7eLmT1Dw60YfcyNJ6cUNA=,jJ3MowePVAuyAxgtDLVzANSzhRU=
15,22,WYaJWK7eLmT1Dw60YfcyNJ6cUNA=,VcOss7TyTwjBGxJoyjUEkIyOxWc=
10,28,WYaJWK7eLmT1Dw60YfcyNJ6cUNA=,jJ3MowePVAuyAxgtDLVzANSzhRU=
9,28,WYaJWK7eLmT1Dw60YfcyNJ6cUNA=,jJ3MowePVAuyAxgtDLVzANSzhRU=
9,29,WYaJWK7eLmT1Dw60YfcyNJ6cUNA=,jJ3MowePVAuyAxgtDLVzANSzhRU=
9,27,WYaJWK7eLmT1Dw60YfcyNJ6cUNA=,jJ3MowePVAuyAxgtDLVzANSzhRU=
10,27,WYaJWK7eLmT1Dw60YfcyNJ6cUNA=,jJ3MowePVAuyAxgtDLVzANSzhRU=
11,30,WYaJWK7eLmT1Dw60YfcyNJ6cUNA=,jJ3MowePVAuyAxgtDLVzANSzhRU=
10,29,WYaJWK7eLmT1Dw60YfcyNJ6cUNA=,jJ3MowePVAuyAxgtDLVzANSzhRU=
11,29,WYaJWK7eLmT1Dw60YfcyNJ6cUNA=,jJ3MowePVAuyAxgtDLVzANSzhRU=
9,30,WYaJWK7eLmT1Dw60YfcyNJ6cUNA=,jJ3MowePVAuyAxgtDLVzANSzhRU=
10,30,WYaJWK7eLmT1Dw60YfcyNJ6cUNA=,jJ3MowePVAuyAxgtDLVzANSzhRU=
8,28,WYaJWK7eLmT1Dw60YfcyNJ6cUNA=,jJ3MowePVAuyAxgtDLVzANSzhRU=
8,29,WYaJWK7eLmT1Dw60YfcyNJ6cUNA=,jJ3MowePVAuyAxgtDLVzANSzhRU=
5,27,WYaJWK7eLmT1Dw60YfcyNJ6cUNA=,xfOcIXTjtpxtJGc0yMmYROz0U0M=
8,27,WYaJWK7eLmT1Dw60YfcyNJ6cUNA=,jJ3MowePVAuyAxgtDLVzANSzhRU=
8,30,WYaJWK7eLmT1Dw60YfcyNJ6cUNA=,jJ3MowePVAuyAxgtDLVzANSzhRU=
6,27,WYaJWK7eLmT1Dw60YfcyNJ6cUNA=,xfOcIXTjtpxtJGc0yMmYROz0U0M=
7,27,WYaJWK7eLmT1Dw60YfcyNJ6cUNA=,xfOcIXTjtpxtJGc0yMmYROz0U0M=
12,23,WYaJWK7eLmT1Dw60YfcyNJ6cUNA=,VcOss7TyTwjBGxJoyjUEkIyOxWc=
15,21,WYaJWK7eLmT1Dw60YfcyNJ6cUNA=,VcOss7TyTwjBGxJoyjUEkIyOxWc=
5,16,WYaJWK7eLmT1Dw60YfcyNJ6cUNA=,T3lAUkd//Ee9WosbBEftvJB6ppk=
13,23,WYaJWK7eLmT1Dw60YfcyNJ6cUNA=,VcOss7TyTwjBGxJoyjUEkIyOxWc=
12,27,WYaJWK7eLmT1Dw60YfcyNJ6cUNA=,VcOss7TyTwjBGxJoyjUEkIyOxWc=
6,16,WYaJWK7eLmT1Dw60YfcyNJ6cUNA=,T3lAUkd//Ee9WosbBEftvJB6ppk=
8,16,WYaJWK7eLmT1Dw60YfcyNJ6cUNA=,q4oarHTn0J+5ilr89rcCaYCVMDw=
11,25,WYaJWK7eLmT1Dw60YfcyNJ6cUNA=,jJ3MowePVAuyAxgtDLVzANSzhRU=
15,26,WYaJWK7eLmT1Dw60YfcyNJ6cUNA=,VcOss7TyTwjBGxJoyjUEkIyOxWc=
11,23,WYaJWK7eLmT1Dw60YfcyNJ6cUNA=,jJ3MowePVAuyAxgtDLVzANSzhRU=
12,24,WYaJWK7eLmT1Dw60YfcyNJ6cUNA=,VcOss7TyTwjBGxJoyjUEkIyOxWc=
7,16,WYaJWK7eLmT1Dw60YfcyNJ6cUNA=,T3lAUkd//Ee9WosbBEftvJB6ppk=
10,16,WYaJWK7eLmT1Dw60YfcyNJ6cUNA=,q4oarHTn0J+5ilr89rcCaYCVMDw=
9,16,WYaJWK7eLmT1Dw60YfcyNJ6cUNA=,q4oarHTn0J+5ilr89rcCaYCVMDw=
14,26,WYaJWK7eLmT1Dw60YfcyNJ6cUNA=,VcOss7TyTwjBGxJoyjUEkIyOxWc=
13,26,WYaJWK7eLmT1Dw60YfcyNJ6cUNA=,VcOss7TyTwjBGxJoyjUEkIyOxWc=
12,26,WYaJWK7eLmT1Dw60YfcyNJ6cUNA=,VcOss7TyTwjBGxJoyjUEkIyOxWc=
15,25,WYaJWK7eLmT1Dw60YfcyNJ6cUNA=,VcOss7TyTwjBGxJoyjUEkIyOxWc=
14,25,WYaJWK7eLmT1Dw60YfcyNJ6cUNA=,VcOss7TyTwjBGxJoyjUEkIyOxWc=
13,25,WYaJWK7eLmT1Dw60YfcyNJ6cUNA=,VcOss7TyTwjBGxJoyjUEkIyOxWc=
11,27,WYaJWK7eLmT1Dw60YfcyNJ6cUNA=,jJ3MowePVAuyAxgtDLVzANSzhRU=
12,25,WYaJWK7eLmT1Dw60YfcyNJ6cUNA=,VcOss7TyTwjBGxJoyjUEkIyOxWc=
11,28,WYaJWK7eLmT1Dw60YfcyNJ6cUNA=,jJ3MowePVAuyAxgtDLVzANSzhRU=
11,24,WYaJWK7eLmT1Dw60YfcyNJ6cUNA=,jJ3MowePVAuyAxgtDLVzANSzhRU=
14,23,WYaJWK7eLmT1Dw60YfcyNJ6cUNA=,VcOss7TyTwjBGxJoyjUEkIyOxWc=
11,26,WYaJWK7eLmT1Dw60YfcyNJ6cUNA=,jJ3MowePVAuyAxgtDLVzANSzhRU=
15,24,WYaJWK7eLmT1Dw60YfcyNJ6cUNA=,VcOss7TyTwjBGxJoyjUEkIyOxWc=
14,27,WYaJWK7eLmT1Dw60YfcyNJ6cUNA=,VcOss7TyTwjBGxJoyjUEkIyOxWc=
14,24,WYaJWK7eLmT1Dw60YfcyNJ6cUNA=,VcOss7TyTwjBGxJoyjUEkIyOxWc=
13,24,WYaJWK7eLmT1Dw60YfcyNJ6cUNA=,VcOss7TyTwjBGxJoyjUEkIyOxWc=
13,27,WYaJWK7eLmT1Dw60YfcyNJ6cUNA=,VcOss7TyTwjBGxJoyjUEkIyOxWc=
15,23,WYaJWK7eLmT1Dw60YfcyNJ6cUNA=,VcOss7TyTwjBGxJoyjUEkIyOxWc=
10,19,WYaJWK7eLmT1Dw60YfcyNJ6cUNA=,q4oarHTn0J+5ilr89rcCaYCVMDw=
1,25,WYaJWK7eLmT1Dw60YfcyNJ6cUNA=,zL4glcTea9lWhDhjvwIF3cZJQaI=
2,25,WYaJWK7eLmT1Dw60YfcyNJ6cUNA=,zL4glcTea9lWhDhjvwIF3cZJQaI=
4,26,WYaJWK7eLmT1Dw60YfcyNJ6cUNA=,xfOcIXTjtpxtJGc0yMmYROz0U0M=
3,25,WYaJWK7eLmT1Dw60YfcyNJ6cUNA=,zL4glcTea9lWhDhjvwIF3cZJQaI=
4,25,WYaJWK7eLmT1Dw60YfcyNJ6cUNA=,xfOcIXTjtpxtJGc0yMmYROz0U0M=
1,26,WYaJWK7eLmT1Dw60YfcyNJ6cUNA=,zL4glcTea9lWhDhjvwIF3cZJQaI=
3,26,WYaJWK7eLmT1Dw60YfcyNJ6cUNA=,zL4glcTea9lWhDhjvwIF3cZJQaI=
2,26,WYaJWK7eLmT1Dw60YfcyNJ6cUNA=,zL4glcTea9lWhDhjvwIF3cZJQaI=
11,18,WYaJWK7eLmT1Dw60YfcyNJ6cUNA=,q4oarHTn0J+5ilr89rcCaYCVMDw=
14,19,WYaJWK7eLmT1Dw60YfcyNJ6cUNA=,VcOss7TyTwjBGxJoyjUEkIyOxWc=
15,19,WYaJWK7eLmT1Dw60YfcyNJ6cUNA=,VcOss7TyTwjBGxJoyjUEkIyOxWc=
15,20,WYaJWK7eLmT1Dw60YfcyNJ6cUNA=,VcOss7TyTwjBGxJoyjUEkIyOxWc=
14,20,WYaJWK7eLmT1Dw60YfcyNJ6cUNA=,VcOss7TyTwjBGxJoyjUEkIyOxWc=
13,19,WYaJWK7eLmT1Dw60YfcyNJ6cUNA=,VcOss7TyTwjBGxJoyjUEkIyOxWc=
11,17,WYaJWK7eLmT1Dw60YfcyNJ6cUNA=,q4oarHTn0J+5ilr89rcCaYCVMDw=
14,16,WYaJWK7eLmT1Dw60YfcyNJ6cUNA=,VcOss7TyTwjBGxJoyjUEkIyOxWc=
13,20,WYaJWK7eLmT1Dw60YfcyNJ6cUNA=,VcOss7TyTwjBGxJoyjUEkIyOxWc=
15,18,WYaJWK7eLmT1Dw60YfcyNJ6cUNA=,VcOss7TyTwjBGxJoyjUEkIyOxWc=
14,18,WYaJWK7eLmT1Dw60YfcyNJ6cUNA=,VcOss7TyTwjBGxJoyjUEkIyOxWc=
11,20,WYaJWK7eLmT1Dw60YfcyNJ6cUNA=,jJ3MowePVAuyAxgtDLVzANSzhRU=
12,18,WYaJWK7eLmT1Dw60YfcyNJ6cUNA=,VcOss7TyTwjBGxJoyjUEkIyOxWc=
13,18,WYaJWK7eLmT1Dw60YfcyNJ6cUNA=,VcOss7TyTwjBGxJoyjUEkIyOxWc=
12,20,WYaJWK7eLmT1Dw60YfcyNJ6cUNA=,VcOss7TyTwjBGxJoyjUEkIyOxWc=
15,17,WYaJWK7eLmT1Dw60YfcyNJ6cUNA=,VcOss7TyTwjBGxJoyjUEkIyOxWc=
11,16,WYaJWK7eLmT1Dw60YfcyNJ6cUNA=,q4oarHTn0J+5ilr89rcCaYCVMDw=
11,19,WYaJWK7eLmT1Dw60YfcyNJ6cUNA=,q4oarHTn0J+5ilr89rcCaYCVMDw=
14,17,WYaJWK7eLmT1Dw60YfcyNJ6cUNA=,VcOss7TyTwjBGxJoyjUEkIyOxWc=
13,16,WYaJWK7eLmT1Dw60YfcyNJ6cUNA=,VcOss7TyTwjBGxJoyjUEkIyOxWc=
12,19,WYaJWK7eLmT1Dw60YfcyNJ6cUNA=,VcOss7TyTwjBGxJoyjUEkIyOxWc=
4,27,WYaJWK7eLmT1Dw60YfcyNJ6cUNA=,xfOcIXTjtpxtJGc0yMmYROz0U0M=
2,27,WYaJWK7eLmT1Dw60YfcyNJ6cUNA=,zL4glcTea9lWhDhjvwIF3cZJQaI=
3,27,WYaJWK7eLmT1Dw60YfcyNJ6cUNA=,zL4glcTea9lWhDhjvwIF3cZJQaI=
0,25,WYaJWK7eLmT1Dw60YfcyNJ6cUNA=,zL4glcTea9lWhDhjvwIF3cZJQaI=
1,27,WYaJWK7eLmT1Dw60YfcyNJ6cUNA=,zL4glcTea9lWhDhjvwIF3cZJQaI=
0,26,WYaJWK7eLmT1Dw60YfcyNJ6cUNA=,zL4glcTea9lWhDhjvwIF3cZJQaI=
0,27,WYaJWK7eLmT1Dw60YfcyNJ6cUNA=,zL4glcTea9lWhDhjvwIF3cZJQaI=
13,17,WYaJWK7eLmT1Dw60YfcyNJ6cUNA=,VcOss7TyTwjBGxJoyjUEkIyOxWc=
12,16,WYaJWK7eLmT1Dw60YfcyNJ6cUNA=,VcOss7TyTwjBGxJoyjUEkIyOxWc=
15,27,WYaJWK7eLmT1Dw60YfcyNJ6cUNA=,VcOss7TyTwjBGxJoyjUEkIyOxWc=
11,31,WYaJWK7eLmT1Dw60YfcyNJ6cUNA=,jJ3MowePVAuyAxgtDLVzANSzhRU=
9,31,WYaJWK7eLmT1Dw60YfcyNJ6cUNA=,jJ3MowePVAuyAxgtDLVzANSzhRU=
10,31,WYaJWK7eLmT1Dw60YfcyNJ6cUNA=,jJ3MowePVAuyAxgtDLVzANSzhRU=
12,17,WYaJWK7eLmT1Dw60YfcyNJ6cUNA=,VcOss7TyTwjBGxJoyjUEkIyOxWc=
8,31,WYaJWK7eLmT1Dw60YfcyNJ6cUNA=,jJ3MowePVAuyAxgtDLVzANSzhRU=
15,16,WYaJWK7eLmT1Dw60YfcyNJ6cUNA=,VcOss7TyTwjBGxJoyjUEkIyOxWc=
2,24,WYaJWK7eLmT1Dw60YfcyNJ6cUNA=,zL4glcTea9lWhDhjvwIF3cZJQaI=
3,24,WYaJWK7eLmT1Dw60YfcyNJ6cUNA=,zL4glcTea9lWhDhjvwIF3cZJQaI=
3,23,WYaJWK7eLmT1Dw60YfcyNJ6cUNA=,zL4glcTea9lWhDhjvwIF3cZJQaI=
2,23,WYaJWK7eLmT1Dw60YfcyNJ6cUNA=,zL4glcTea9lWhDhjvwIF3cZJQaI=
1,23,WYaJWK7eLmT1Dw60YfcyNJ6cUNA=,zL4glcTea9lWhDhjvwIF3cZJQaI=
1,24,WYaJWK7eLmT1Dw60YfcyNJ6cUNA=,zL4glcTea9lWhDhjvwIF3cZJQaI=
3,22,WYaJWK7eLmT1Dw60YfcyNJ6cUNA=,zL4glcTea9lWhDhjvwIF3cZJQaI=
4,23,WYaJWK7eLmT1Dw60YfcyNJ6cUNA=,1WcrG9ENL4J0JcgUUiwoEUCLfbQ=
2,22,WYaJWK7eLmT1Dw60YfcyNJ6cUNA=,zL4glcTea9lWhDhjvwIF3cZJQaI=
4,24,WYaJWK7eLmT1Dw60YfcyNJ6cUNA=,xfOcIXTjtpxtJGc0yMmYROz0U0M=
3,21,WYaJWK7eLmT1Dw60YfcyNJ6cUNA=,zL4glcTea9lWhDhjvwIF3cZJQaI=
2,21,WYaJWK7eLmT1Dw60YfcyNJ6cUNA=,zL4glcTea9lWhDhjvwIF3cZJQaI=
4,21,WYaJWK7eLmT1Dw60YfcyNJ6cUNA=,1WcrG9ENL4J0JcgUUiwoEUCLfbQ=
4,22,WYaJWK7eLmT1Dw60YfcyNJ6cUNA=,1WcrG9ENL4J0JcgUUiwoEUCLfbQ=
0,24,WYaJWK7eLmT1Dw60YfcyNJ6cUNA=,zL4glcTea9lWhDhjvwIF3cZJQaI=
1,22,WYaJWK7eLmT1Dw60YfcyNJ6cUNA=,zL4glcTea9lWhDhjvwIF3cZJQaI=
0,21,WYaJWK7eLmT1Dw60YfcyNJ6cUNA=,zL4glcTea9lWhDhjvwIF3cZJQaI=
1,21,WYaJWK7eLmT1Dw60YfcyNJ6cUNA=,zL4glcTea9lWhDhjvwIF3cZJQaI=
0,23,WYaJWK7eLmT1Dw60YfcyNJ6cUNA=,zL4glcTea9lWhDhjvwIF3cZJQaI=
0,22,WYaJWK7eLmT1Dw60YfcyNJ6cUNA=,zL4glcTea9lWhDhjvwIF3cZJQaI=
4,20,WYaJWK7eLmT1Dw60YfcyNJ6cUNA=,1WcrG9ENL4J0JcgUUiwoEUCLfbQ=
3,19,WYaJWK7eLmT1Dw60YfcyNJ6cUNA=,kNeZcdy1SRo5c1L7FtItDSBcP8E=
1,20,WYaJWK7eLmT1Dw60YfcyNJ6cUNA=,zL4glcTea9lWhDhjvwIF3cZJQaI=
2,19,WYaJWK7eLmT1Dw60YfcyNJ6cUNA=,kNeZcdy1SRo5c1L7FtItDSBcP8E=
4,18,WYaJWK7eLmT1Dw60YfcyNJ6cUNA=,T3lAUkd//Ee9WosbBEftvJB6ppk=
4,17,WYaJWK7eLmT1Dw60YfcyNJ6cUNA=,T3lAUkd//Ee9WosbBEftvJB6ppk=
2,17,WYaJWK7eLmT1Dw60YfcyNJ6cUNA=,kNeZcdy1SRo5c1L7FtItDSBcP8E=
2,20,WYaJWK7eLmT1Dw60YfcyNJ6cUNA=,zL4glcTea9lWhDhjvwIF3cZJQaI=
4,19,WYaJWK7eLmT1Dw60YfcyNJ6cUNA=,T3lAUkd//Ee9WosbBEftvJB6ppk=
1,19,WYaJWK7eLmT1Dw60YfcyNJ6cUNA=,kNeZcdy1SRo5c1L7FtItDSBcP8E=
2,18,WYaJWK7eLmT1Dw60YfcyNJ6cUNA=,kNeZcdy1SRo5c1L7FtItDSBcP8E=
0,20,WYaJWK7eLmT1Dw60YfcyNJ6cUNA=,zL4glcTea9lWhDhjvwIF3cZJQaI=
3,18,WYaJWK7eLmT1Dw60YfcyNJ6cUNA=,kNeZcdy1SRo5c1L7FtItDSBcP8E=
1,18,WYaJWK7eLmT1Dw60YfcyNJ6cUNA=,kNeZcdy1SRo5c1L7FtItDSBcP8E=
1,17,WYaJWK7eLmT1Dw60YfcyNJ6cUNA=,kNeZcdy1SRo5c1L7FtItDSBcP8E=
3,20,WYaJWK7eLmT1Dw60YfcyNJ6cUNA=,zL4glcTea9lWhDhjvwIF3cZJQaI=
0,17,WYaJWK7eLmT1Dw60YfcyNJ6cUNA=,kNeZcdy1SRo5c1L7FtItDSBcP8E=
0,16,WYaJWK7eLmT1Dw60YfcyNJ6cUNA=,kNeZcdy1SRo5c1L7FtItDSBcP8E=
4,16,WYaJWK7eLmT1Dw60YfcyNJ6cUNA=,T3lAUkd//Ee9WosbBEftvJB6ppk=
0,18,WYaJWK7eLmT1Dw60YfcyNJ6cUNA=,kNeZcdy1SRo5c1L7FtItDSBcP8E=
3,17,WYaJWK7eLmT1Dw60YfcyNJ6cUNA=,kNeZcdy1SRo5c1L7FtItDSBcP8E=
2,16,WYaJWK7eLmT1Dw60YfcyNJ6cUNA=,kNeZcdy1SRo5c1L7FtItDSBcP8E=
3,16,WYaJWK7eLmT1Dw60YfcyNJ6cUNA=,kNeZcdy1SRo5c1L7FtItDSBcP8E=
0,19,WYaJWK7eLmT1Dw60YfcyNJ6cUNA=,kNeZcdy1SRo5c1L7FtItDSBcP8E=
1,16,WYaJWK7eLmT1Dw60YfcyNJ6cUNA=,kNeZcdy1SRo5c1L7FtItDSBcP8E=
18,21,Jnv+frlq9GhQi2uZL+nyfnp6FUM=,Jh7E8g9S9JDwDHCumAr9DSllir0=
17,22,Jnv+frlq9GhQi2uZL+nyfnp6FUM=,Jh7E8g9S9JDwDHCumAr9DSllir0=
17,21,Jnv+frlq9GhQi2uZL+nyfnp6FUM=,Jh7E8g9S9JDwDHCumAr9DSllir0=
18,22,Jnv+frlq9GhQi2uZL+nyfnp6FUM=,Jh7E8g9S9JDwDHCumAr9DSllir0=
22,18,Jnv+frlq9GhQi2uZL+nyfnp6FUM=,K+PRfzjbsZ28qvRXvBEwIuh35og=
21,18,Jnv+frlq9GhQi2uZL+nyfnp6FUM=,K+PRfzjbsZ28qvRXvBEwIuh35og=
21,17,V8d2hQMbKzPZTIDhYGBOyB7QPHA=,K+PRfzjbsZ28qvRXvBEwIuh35og=
22,17,V8d2hQMbKzPZTIDhYGBOyB7QPHA=,K+PRfzjbsZ28qvRXvBEwIuh35og=
17,18,V8d2hQMbKzPZTIDhYGBOyB7QPHA=,Jh7E8g9S9JDwDHCumAr9DSllir0=
18,17,V8d2hQMbKzPZTIDhYGBOyB7QPHA=,Jh7E8g9S9JDwDHCumAr9DSllir0=
17,17,V8d2hQMbKzPZTIDhYGBOyB7QPHA=,Jh7E8g9S9JDwDHCumAr9DSllir0=
19,19,V8d2hQMbKzPZTIDhYGBOyB7QPHA=,Jh7E8g9S9JDwDHCumAr9DSllir0=
18,19,V8d2hQMbKzPZTIDhYGBOyB7QPHA=,Jh7E8g9S9JDwDHCumAr9DSllir0=
20,18,V8d2hQMbKzPZTIDhYGBOyB7QPHA=,K+PRfzjbsZ28qvRXvBEwIuh35og=
22,22,V8d2hQMbKzPZTIDhYGBOyB7QPHA=,K+PRfzjbsZ28qvRXvBEwIuh35og=
18,20,V8d2hQMbKzPZTIDhYGBOyB7QPHA=,Jh7E8g9S9JDwDHCumAr9DSllir0=
17,20,V8d2hQMbKzPZTIDhYGBOyB7QPHA=,Jh7E8g9S9JDwDHCumAr9DSllir0=
20,17,V8d2hQMbKzPZTIDhYGBOyB7QPHA=,K+PRfzjbsZ28qvRXvBEwIuh35og=
19,17,V8d2hQMbKzPZTIDhYGBOyB7QPHA=,Jh7E8g9S9JDwDHCumAr9DSllir0=
18,18,V8d2hQMbKzPZTIDhYGBOyB7QPHA=,Jh7E8g9S9JDwDHCumAr9DSllir0=
19,18,V8d2hQMbKzPZTIDhYGBOyB7QPHA=,Jh7E8g9S9JDwDHCumAr9DSllir0=
17,19,V8d2hQMbKzPZTIDhYGBOyB7QPHA=,Jh7E8g9S9JDwDHCumAr9DSllir0=
22,20,V8d2hQMbKzPZTIDhYGBOyB7QPHA=,K+PRfzjbsZ28qvRXvBEwIuh35og=
20,22,V8d2hQMbKzPZTIDhYGBOyB7QPHA=,K+PRfzjbsZ28qvRXvBEwIuh35og=
21,22,V8d2hQMbKzPZTIDhYGBOyB7QPHA=,K+PRfzjbsZ28qvRXvBEwIuh35og=
22,25,V8d2hQMbKzPZTIDhYGBOyB7QPHA=,K+PRfzjbsZ28qvRXvBEwIuh35og=
22,26,V8d2hQMbKzPZTIDhYGBOyB7QPHA=,K+PRfzjbsZ28qvRXvBEwIuh35og=
19,22,V8d2hQMbKzPZTIDhYGBOyB7QPHA=,Jh7E8g9S9JDwDHCumAr9DSllir0=
21,20,V8d2hQMbKzPZTIDhYGBOyB7QPHA=,K+PRfzjbsZ28qvRXvBEwIuh35og=
21,23,V8d2hQMbKzPZTIDhYGBOyB7QPHA=,K+PRfzjbsZ28qvRXvBEwIuh35og=
21,26,V8d2hQMbKzPZTIDhYGBOyB7QPHA=,K+PRfzjbsZ28qvRXvBEwIuh35og=
20,20,V8d2hQMbKzPZTIDhYGBOyB7QPHA=,K+PRfzjbsZ28qvRXvBEwIuh35og=
19,21,V8d2hQMbKzPZTIDhYGBOyB7QPHA=,Jh7E8g9S9JDwDHCumAr9DSllir0=
22,21,V8d2hQMbKzPZTIDhYGBOyB7QPHA=,K+PRfzjbsZ28qvRXvBEwIuh35og=
21,21,V8d2hQMbKzPZTIDhYGBOyB7QPHA=,K+PRfzjbsZ28qvRXvBEwIuh35og=
19,20,V8d2hQMbKzPZTIDhYGBOyB7QPHA=,Jh7E8g9S9JDwDHCumAr9DSllir0=
20,21,V8d2hQMbKzPZTIDhYGBOyB7QPHA=,K+PRfzjbsZ28qvRXvBEwIuh35og=
21,19,V8d2hQMbKzPZTIDhYGBOyB7QPHA=,K+PRfzjbsZ28qvRXvBEwIuh35og=
22,19,V8d2hQMbKzPZTIDhYGBOyB7QPHA=,K+PRfzjbsZ28qvRXvBEwIuh35og=
21,25,V8d2hQMbKzPZTIDhYGBOyB7QPHA=,K+PRfzjbsZ28qvRXvBEwIuh35og=
22,23,V8d2hQMbKzPZTIDhYGBOyB7QPHA=,K+PRfzjbsZ28qvRXvBEwIuh35og=
21,27,V8d2hQMbKzPZTIDhYGBOyB7QPHA=,K+PRfzjbsZ28qvRXvBEwIuh35og=
20,19,V8d2hQMbKzPZTIDhYGBOyB7QPHA=,K+PRfzjbsZ28qvRXvBEwIuh35og=
22,27,V8d2hQMbKzPZTIDhYGBOyB7QPHA=,K+PRfzjbsZ28qvRXvBEwIuh35og=
22,24,V8d2hQMbKzPZTIDhYGBOyB7QPHA=,K+PRfzjbsZ28qvRXvBEwIuh35og=
21,24,V8d2hQMbKzPZTIDhYGBOyB7QPHA=,K+PRfzjbsZ28qvRXvBEwIuh35og=
18,23,V8d2hQMbKzPZTIDhYGBOyB7QPHA=,Jh7E8g9S9JDwDHCumAr9DSllir0=
17,23,V8d2hQMbKzPZTIDhYGBOyB7QPHA=,Jh7E8g9S9JDwDHCumAr9DSllir0=
27,22,V8d2hQMbKzPZTIDhYGBOyB7QPHA=,YLBSBQD4f/ur0VSs8/b6ESvMgc4=
19,23,V8d2hQMbKzPZTIDhYGBOyB7QPHA=,Jh7E8g9S9JDwDHCumAr9DSllir0=
20,26,V8d2hQMbKzPZTIDhYGBOyB7QPHA=,K+PRfzjbsZ28qvRXvBEwIuh35og=
20,25,V8d2hQMbKzPZTIDhYGBOyB7QPHA=,K+PRfzjbsZ28qvRXvBEwIuh35og=
19,26,V8d2hQMbKzPZTIDhYGBOyB7QPHA=,Jh7E8g9S9JDwDHCumAr9DSllir0=
26,22,V8d2hQMbKzPZTIDhYGBOyB7QPHA=,YLBSBQD4f/ur0VSs8/b6ESvMgc4=
18,26,V8d2hQMbKzPZTIDhYGBOyB7QPHA=,Jh7E8g9S9JDwDHCumAr9DSllir0=
17,26,V8d2hQMbKzPZTIDhYGBOyB7QPHA=,Jh7E8g9S9JDwDHCumAr9DSllir0=
25,22,V8d2hQMbKzPZTIDhYGBOyB7QPHA=,YLBSBQD4f/ur0VSs8/b6ESvMgc4=
27,23,V8d2hQMbKzPZTIDhYGBOyB7QPHA=,YLBSBQD4f/ur0VSs8/b6ESvMgc4=
19,25,V8d2hQMbKzPZTIDhYGBOyB7QPHA=,Jh7E8g9S9JDwDHCumAr9DSllir0=
26,23,V8d2hQMbKzPZTIDhYGBOyB7QPHA=,YLBSBQD4f/ur0VSs8/b6ESvMgc4=
26,24,V8d2hQMbKzPZTIDhYGBOyB7QPHA=,YLBSBQD4f/ur0VSs8/b6ESvMgc4=
27,24,V8d2hQMbKzPZTIDhYGBOyB7QPHA=,YLBSBQD4f/ur0VSs8/b6ESvMgc4=
20,23,V8d2hQMbKzPZTIDhYGBOyB7QPHA=,K+PRfzjbsZ28qvRXvBEwIuh35og=
17,24,V8d2hQMbKzPZTIDhYGBOyB7QPHA=,Jh7E8g9S9JDwDHCumAr9DSllir0=
18,24,V8d2hQMbKzPZTIDhYGBOyB7QPHA=,Jh7E8g9S9JDwDHCumAr9DSllir0=
19,24,V8d2hQMbKzPZTIDhYGBOyB7QPHA=,Jh7E8g9S9JDwDHCumAr9DSllir0=
17,25,V8d2hQMbKzPZTIDhYGBOyB7QPHA=,Jh7E8g9S9JDwDHCumAr9DSllir0=
18,25,V8d2hQMbKzPZTIDhYGBOyB7QPHA=,Jh7E8g9S9JDwDHCumAr9DSllir0=
20,27,V8d2hQMbKzPZTIDhYGBOyB7QPHA=,K+PRfzjbsZ28qvRXvBEwIuh35og=
17,27,V8d2hQMbKzPZTIDhYGBOyB7QPHA=,Jh7E8g9S9JDwDHCumAr9DSllir0=
18,27,V8d2hQMbKzPZTIDhYGBOyB7QPHA=,Jh7E8g9S9JDwDHCumAr9DSllir0=
19,27,V8d2hQMbKzPZTIDhYGBOyB7QPHA=,Jh7E8g9S9JDwDHCumAr9DSllir0=
27,21,V8d2hQMbKzPZTIDhYGBOyB7QPHA=,YLBSBQD4f/ur0VSs8/b6ESvMgc4=
26,27,V8d2hQMbKzPZTIDhYGBOyB7QPHA=,YLBSBQD4f/ur0VSs8/b6ESvMgc4=
25,27,V8d2hQMbKzPZTIDhYGBOyB7QPHA=,YLBSBQD4f/ur0VSs8/b6ESvMgc4=
24,27,V8d2hQMbKzPZTIDhYGBOyB7QPHA=,YLBSBQD4f/ur0VSs8/b6ESvMgc4=
26,21,V8d2hQMbKzPZTIDhYGBOyB7QPHA=,YLBSBQD4f/ur0VSs8/b6ESvMgc4=
25,25,V8d2hQMbKzPZTIDhYGBOyB7QPHA=,YLBSBQD4f/ur0VSs8/b6ESvMgc4=
23,25,V8d2hQMbKzPZTIDhYGBOyB7QPHA=,K+PRfzjbsZ28qvRXvBEwIuh35og=
26,25,V8d2hQMbKzPZTIDhYGBOyB7QPHA=,YLBSBQD4f/ur0VSs8/b6ESvMgc4=
27,25,V8d2hQMbKzPZTIDhYGBOyB7QPHA=,YLBSBQD4f/ur0VSs8/b6ESvMgc4=
20,24,V8d2hQMbKzPZTIDhYGBOyB7QPHA=,K+PRfzjbsZ28qvRXvBEwIuh35og=
23,27,V8d2hQMbKzPZTIDhYGBOyB7QPHA=,K+PRfzjbsZ28qvRXvBEwIuh35og=
27,26,V8d2hQMbKzPZTIDhYGBOyB7QPHA=,YLBSBQD4f/ur0VSs8/b6ESvMgc4=
26,26,V8d2hQMbKzPZTIDhYGBOyB7QPHA=,YLBSBQD4f/ur0VSs8/b6ESvMgc4=
25,26,V8d2hQMbKzPZTIDhYGBOyB7QPHA=,YLBSBQD4f/ur0VSs8/b6ESvMgc4=
24,26,V8d2hQMbKzPZTIDhYGBOyB7QPHA=,YLBSBQD4f/ur0VSs8/b6ESvMgc4=
24,25,V8d2hQMbKzPZTIDhYGBOyB7QPHA=,YLBSBQD4f/ur0VSs8/b6ESvMgc4=
25,21,V8d2hQMbKzPZTIDhYGBOyB7QPHA=,YLBSBQD4f/ur0VSs8/b6ESvMgc4=
23,26,V8d2hQMbKzPZTIDhYGBOyB7QPHA=,K+PRfzjbsZ28qvRXvBEwIuh35og=
25,23,V8d2hQMbKzPZTIDhYGBOyB7QPHA=,YLBSBQD4f/ur0VSs8/b6ESvMgc4=
23,22,V8d2hQMbKzPZTIDhYGBOyB7QPHA=,K+PRfzjbsZ28qvRXvBEwIuh35og=
25,24,V8d2hQMbKzPZTIDhYGBOyB7QPHA=,YLBSBQD4f/ur0VSs8/b6ESvMgc4=
26,16,V8d2hQMbKzPZTIDhYGBOyB7QPHA=,YLBSBQD4f/ur0VSs8/b6ESvMgc4=
24,22,V8d2hQMbKzPZTIDhYGBOyB7QPHA=,YLBSBQD4f/ur0VSs8/b6ESvMgc4=
23,24,V8d2hQMbKzPZTIDhYGBOyB7QPHA=,K+PRfzjbsZ28qvRXvBEwIuh35og=
24,21,V8d2hQMbKzPZTIDhYGBOyB7QPHA=,YLBSBQD4f/ur0VSs8/b6ESvMgc4=
27,18,V8d2hQMbKzPZTIDhYGBOyB7QPHA=,YLBSBQD4f/ur0VSs8/b6ESvMgc4=
26,18,V8d2hQMbKzPZTIDhYGBOyB7QPHA=,YLBSBQD4f/ur0VSs8/b6ESvMgc4=
23,21,V8d2hQMbKzPZTIDhYGBOyB7QPHA=,K+PRfzjbsZ28qvRXvBEwIuh35og=
24,24,V8d2hQMbKzPZTIDhYGBOyB7QPHA=,YLBSBQD4f/ur0VSs8/b6ESvMgc4=
26,19,V8d2hQMbKzPZTIDhYGBOyB7QPHA=,YLBSBQD4f/ur0VSs8/b6ESvMgc4=
27,19,V8d2hQMbKzPZTIDhYGBOyB7QPHA=,YLBSBQD4f/ur0VSs8/b6ESvMgc4=
23,23,V8d2hQMbKzPZTIDhYGBOyB7QPHA=,K+PRfzjbsZ28qvRXvBEwIuh35og=
24,23,V8d2hQMbKzPZTIDhYGBOyB7QPHA=,YLBSBQD4f/ur0VSs8/b6ESvMgc4=
25,16,V8d2hQMbKzPZTIDhYGBOyB7QPHA=,YLBSBQD4f/ur0VSs8/b6ESvMgc4=
16,25,V8d2hQMbKzPZTIDhYGBOyB7QPHA=,Jh7E8g9S9JDwDHCumAr9DSllir0=
16,26,V8d2hQMbKzPZTIDhYGBOyB7QPHA=,Jh7E8g9S9JDwDHCumAr9DSllir0=
23,18,V8d2hQMbKzPZTIDhYGBOyB7QPHA=,K+PRfzjbsZ28qvRXvBEwIuh35og=
16,27,V8d2hQMbKzPZTIDhYGBOyB7QPHA=,Jh7E8g9S9JDwDHCumAr9DSllir0=
24,16,V8d2hQMbKzPZTIDhYGBOyB7QPHA=,YLBSBQD4f/ur0VSs8/b6ESvMgc4=
22,16,V8d2hQMbKzPZTIDhYGBOyB7QPHA=,K+PRfzjbsZ28qvRXvBEwIuh35og=
25,19,V8d2hQMbKzPZTIDhYGBOyB7QPHA=,YLBSBQD4f/ur0VSs8/b6ESvMgc4=
25,18,V8d2hQMbKzPZTIDhYGBOyB7QPHA=,YLBSBQD4f/ur0VSs8/b6ESvMgc4=
23,16,V8d2hQMbKzPZTIDhYGBOyB7QPHA=,K+PRfzjbsZ28qvRXvBEwIuh35og=
27,17,V8d2hQMbKzPZTIDhYGBOyB7QPHA=,YLBSBQD4f/ur0VSs8/b6ESvMgc4=
26,17,V8d2hQMbKzPZTIDhYGBOyB7QPHA=,YLBSBQD4f/ur0VSs8/b6ESvMgc4=
25,17,V8d2hQMbKzPZTIDhYGBOyB7QPHA=,YLBSBQD4f/ur0VSs8/b6ESvMgc4=
24,17,V8d2hQMbKzPZTIDhYGBOyB7QPHA=,YLBSBQD4f/ur0VSs8/b6ESvMgc4=
27,20,V8d2hQMbKzPZTIDhYGBOyB7QPHA=,YLBSBQD4f/ur0VSs8/b6ESvMgc4=
26,20,V8d2hQMbKzPZTIDhYGBOyB7QPHA=,YLBSBQD4f/ur0VSs8/b6ESvMgc4=
25,20,V8d2hQMbKzPZTIDhYGBOyB7QPHA=,YLBSBQD4f/ur0VSs8/b6ESvMgc4=
27,27,V8d2hQMbKzPZTIDhYGBOyB7QPHA=,YLBSBQD4f/ur0VSs8/b6ESvMgc4=
27,16,V8d2hQMbKzPZTIDhYGBOyB7QPHA=,YLBSBQD4f/ur0VSs8/b6ESvMgc4=
17,16,V8d2hQMbKzPZTIDhYGBOyB7QPHA=,Jh7E8g9S9JDwDHCumAr9DSllir0=
20,16,V8d2hQMbKzPZTIDhYGBOyB7QPHA=,K+PRfzjbsZ28qvRXvBEwIuh35og=
24,18,V8d2hQMbKzPZTIDhYGBOyB7QPHA=,YLBSBQD4f/ur0VSs8/b6ESvMgc4=
19,16,V8d2hQMbKzPZTIDhYGBOyB7QPHA=,Jh7E8g9S9JDwDHCumAr9DSllir0=
21,16,V8d2hQMbKzPZTIDhYGBOyB7QPHA=,K+PRfzjbsZ28qvRXvBEwIuh35og=
24,20,V8d2hQMbKzPZTIDhYGBOyB7QPHA=,YLBSBQD4f/ur0VSs8/b6ESvMgc4=
24,19,V8d2hQMbKzPZTIDhYGBOyB7QPHA=,YLBSBQD4f/ur0VSs8/b6ESvMgc4=
23,17,V8d2hQMbKzPZTIDhYGBOyB7QPHA=,K+PRfzjbsZ28qvRXvBEwIuh35og=
18,16,V8d2hQMbKzPZTIDhYGBOyB7QPHA=,Jh7E8g9S9JDwDHCumAr9DSllir0=
16,24,V8d2hQMbKzPZTIDhYGBOyB7QPHA=,Jh7E8g9S9JDwDHCumAr9DSllir0=
16,22,V8d2hQMbKzPZTIDhYGBOyB7QPHA=,Jh7E8g9S9JDwDHCumAr9DSllir0=
16,21,V8d2hQMbKzPZTIDhYGBOyB7QPHA=,Jh7E8g9S9JDwDHCumAr9DSllir0=
16,20,V8d2hQMbKzPZTIDhYGBOyB7QPHA=,Jh7E8g9S9JDwDHCumAr9DSllir0=
16,23,V8d2hQMbKzPZTIDhYGBOyB7QPHA=,Jh7E8g9S9JDwDHCumAr9DSllir0=
16,19,V8d2hQMbKzPZTIDhYGBOyB7QPHA=,Jh7E8g9S9JDwDHCumAr9DSllir0=
23,20,V8d2hQMbKzPZTIDhYGBOyB7QPHA=,K+PRfzjbsZ28qvRXvBEwIuh35og=
23,19,V8d2hQMbKzPZTIDhYGBOyB7QPHA=,K+PRfzjbsZ28qvRXvBEwIuh35og=
16,16,V8d2hQMbKzPZTIDhYGBOyB7QPHA=,Jh7E8g9S9JDwDHCumAr9DSllir0=
16,18,V8d2hQMbKzPZTIDhYGBOyB7QPHA=,Jh7E8g9S9JDwDHCumAr9DSllir0=
16,17,V8d2hQMbKzPZTIDhYGBOyB7QPHA=,Jh7E8g9S9JDwDHCumAr9DSllir0=
25,9,V8d2hQMbKzPZTIDhYGBOyB7QPHA=,YLBSBQD4f/ur0VSs8/b6ESvMgc4=
26,10,V8d2hQMbKzPZTIDhYGBOyB7QPHA=,YLBSBQD4f/ur0VSs8/b6ESvMgc4=
25,10,V8d2hQMbKzPZTIDhYGBOyB7QPHA=,YLBSBQD4f/ur0VSs8/b6ESvMgc4=
26,9,V8d2hQMbKzPZTIDhYGBOyB7QPHA=,YLBSBQD4f/ur0VSs8/b6ESvMgc4=
25,7,V8d2hQMbKzPZTIDhYGBOyB7QPHA=,YLBSBQD4f/ur0VSs8/b6ESvMgc4=
26,7,V8d2hQMbKzPZTIDhYGBOyB7QPHA=,YLBSBQD4f/ur0VSs8/b6ESvMgc4=
25,8,V8d2hQMbKzPZTIDhYGBOyB7QPHA=,YLBSBQD4f/ur0VSs8/b6ESvMgc4=
25,5,V8d2hQMbKzPZTIDhYGBOyB7QPHA=,YLBSBQD4f/ur0VSs8/b6ESvMgc4=
26,5,V8d2hQMbKzPZTIDhYGBOyB7QPHA=,YLBSBQD4f/ur0VSs8/b6ESvMgc4=
25,6,V8d2hQMbKzPZTIDhYGBOyB7QPHA=,YLBSBQD4f/ur0VSs8/b6ESvMgc4=
26,8,V8d2hQMbKzPZTIDhYGBOyB7QPHA=,YLBSBQD4f/ur0VSs8/b6ESvMgc4=
26,6,V8d2hQMbKzPZTIDhYGBOyB7QPHA=,YLBSBQD4f/ur0VSs8/b6ESvMgc4=
25,3,V8d2hQMbKzPZTIDhYGBOyB7QPHA=,YLBSBQD4f/ur0VSs8/b6ESvMgc4=
26,3,V8d2hQMbKzPZTIDhYGBOyB7QPHA=,YLBSBQD4f/ur0VSs8/b6ESvMgc4=
26,2,V8d2hQMbKzPZTIDhYGBOyB7QPHA=,YLBSBQD4f/ur0VSs8/b6ESvMgc4=
25,2,V8d2hQMbKzPZTIDhYGBOyB7QPHA=,YLBSBQD4f/ur0VSs8/b6ESvMgc4=
26,4,V8d2hQMbKzPZTIDhYGBOyB7QPHA=,YLBSBQD4f/ur0VSs8/b6ESvMgc4=
25,4,V8d2hQMbKzPZTIDhYGBOyB7QPHA=,YLBSBQD4f/ur0VSs8/b6ESvMgc4=
26,1,V8d2hQMbKzPZTIDhYGBOyB7QPHA=,YLBSBQD4f/ur0VSs8/b6ESvMgc4=
25,1,V8d2hQMbKzPZTIDhYGBOyB7QPHA=,YLBSBQD4f/ur0VSs8/b6ESvMgc4=
21,5,V8d2hQMbKzPZTIDhYGBOyB7QPHA=,qTjnKqJg2sTgctKdQGAaG4Jo2js=
24,9,V8d2hQMbKzPZTIDhYGBOyB7QPHA=,YLBSBQD4f/ur0VSs8/b6ESvMgc4=
24,7,V8d2hQMbKzPZTIDhYGBOyB7QPHA=,YLBSBQD4f/ur0VSs8/b6ESvMgc4=
23,6,V8d2hQMbKzPZTIDhYGBOyB7QPHA=,qTjnKqJg2sTgctKdQGAaG4Jo2js=
22,6,V8d2hQMbKzPZTIDhYGBOyB7QPHA=,qTjnKqJg2sTgctKdQGAaG4Jo2js=
21,7,V8d2hQMbKzPZTIDhYGBOyB7QPHA=,qTjnKqJg2sTgctKdQGAaG4Jo2js=
22,7,V8d2hQMbKzPZTIDhYGBOyB7QPHA=,qTjnKqJg2sTgctKdQGAaG4Jo2js=
23,10,V8d2hQMbKzPZTIDhYGBOyB7QPHA=,K+PRfzjbsZ28qvRXvBEwIuh35og=
23,7,V8d2hQMbKzPZTIDhYGBOyB7QPHA=,qTjnKqJg2sTgctKdQGAaG4Jo2js=
24,8,V8d2hQMbKzPZTIDhYGBOyB7QPHA=,YLBSBQD4f/ur0VSs8/b6ESvMgc4=
24,6,V8d2hQMbKzPZTIDhYGBOyB7QPHA=,YLBSBQD4f/ur0VSs8/b6ESvMgc4=
22,10,V8d2hQMbKzPZTIDhYGBOyB7QPHA=,K+PRfzjbsZ28qvRXvBEwIuh35og=
21,8,V8d2hQMbKzPZTIDhYGBOyB7QPHA=,K+PRfzjbsZ28qvRXvBEwIuh35og=
21,6,V8d2hQMbKzPZTIDhYGBOyB7QPHA=,qTjnKqJg2sTgctKdQGAaG4Jo2js=
22,8,V8d2hQMbKzPZTIDhYGBOyB7QPHA=,K+PRfzjbsZ28qvRXvBEwIuh35og=
24,5,V8d2hQMbKzPZTIDhYGBOyB7QPHA=,YLBSBQD4f/ur0VSs8/b6ESvMgc4=
23,9,V8d2hQMbKzPZTIDhYGBOyB7QPHA=,K+PRfzjbsZ28qvRXvBEwIuh35og=
21,10,V8d2hQMbKzPZTIDhYGBOyB7QPHA=,K+PRfzjbsZ28qvRXvBEwIuh35og=
23,8,V8d2hQMbKzPZTIDhYGBOyB7QPHA=,K+PRfzjbsZ28qvRXvBEwIuh35og=
22,9,V8d2hQMbKzPZTIDhYGBOyB7QPHA=,K+PRfzjbsZ28qvRXvBEwIuh35og=
23,5,V8d2hQMbKzPZTIDhYGBOyB7QPHA=,qTjnKqJg2sTgctKdQGAaG4Jo2js=
24,10,V8d2hQMbKzPZTIDhYGBOyB7QPHA=,YLBSBQD4f/ur0VSs8/b6ESvMgc4=
21,9,V8d2hQMbKzPZTIDhYGBOyB7QPHA=,K+PRfzjbsZ28qvRXvBEwIuh35og=
22,5,V8d2hQMbKzPZTIDhYGBOyB7QPHA=,qTjnKqJg2sTgctKdQGAaG4Jo2js=
24,3,V8d2hQMbKzPZTIDhYGBOyB7QPHA=,YLBSBQD4f/ur0VSs8/b6ESvMgc4=
21,4,V8d2hQMbKzPZTIDhYGBOyB7QPHA=,qTjnKqJg2sTgctKdQGAaG4Jo2js=
22,4,V8d2hQMbKzPZTIDhYGBOyB7QPHA=,qTjnKqJg2sTgctKdQGAaG4Jo2js=
24,1,V8d2hQMbKzPZTIDhYGBOyB7QPHA=,YLBSBQD4f/ur0VSs8/b6ESvMgc4=
23,2,V8d2hQMbKzPZTIDhYGBOyB7QPHA=,qTjnKqJg2sTgctKdQGAaG4Jo2js=
24,4,V8d2hQMbKzPZTIDhYGBOyB7QPHA=,YLBSBQD4f/ur0VSs8/b6ESvMgc4=
21,2,V8d2hQMbKzPZTIDhYGBOyB7QPHA=,qTjnKqJg2sTgctKdQGAaG4Jo2js=
22,2,V8d2hQMbKzPZTIDhYGBOyB7QPHA=,qTjnKqJg2sTgctKdQGAaG4Jo2js=
23,4,aRTeODvIU1EKXYNZS8iHAXXlVik=,qTjnKqJg2sTgctKdQGAaG4Jo2js=
23,1,aRTeODvIU1EKXYNZS8iHAXXlVik=,qTjnKqJg2sTgctKdQGAaG4Jo2js=
22,1,aRTeODvIU1EKXYNZS8iHAXXlVik=,qTjnKqJg2sTgctKdQGAaG4Jo2js=
21,3,aRTeODvIU1EKXYNZS8iHAXXlVik=,qTjnKqJg2sTgctKdQGAaG4Jo2js=
21,1,aRTeODvIU1EKXYNZS8iHAXXlVik=,qTjnKqJg2sTgctKdQGAaG4Jo2js=
23,3,aRTeODvIU1EKXYNZS8iHAXXlVik=,qTjnKqJg2sTgctKdQGAaG4Jo2js=
24,2,aRTeODvIU1EKXYNZS8iHAXXlVik=,YLBSBQD4f/ur0VSs8/b6ESvMgc4=
18,10,aRTeODvIU1EKXYNZS8iHAXXlVik=,HyI8v5d+w9GdVqs5L9dSlJNhEZ8=
22,3,aRTeODvIU1EKXYNZS8iHAXXlVik=,qTjnKqJg2sTgctKdQGAaG4Jo2js=
17,10,aRTeODvIU1EKXYNZS8iHAXXlVik=,HyI8v5d+w9GdVqs5L9dSlJNhEZ8=
19,10,aRTeODvIU1EKXYNZS8iHAXXlVik=,HyI8v5d+w9GdVqs5L9dSlJNhEZ8=
20,9,aRTeODvIU1EKXYNZS8iHAXXlVik=,K+PRfzjbsZ28qvRXvBEwIuh35og=
20,10,aRTeODvIU1EKXYNZS8iHAXXlVik=,K+PRfzjbsZ28qvRXvBEwIuh35og=
18,9,aRTeODvIU1EKXYNZS8iHAXXlVik=,HyI8v5d+w9GdVqs5L9dSlJNhEZ8=
17,1,aRTeODvIU1EKXYNZS8iHAXXlVik=,BjvIizxuCcXzw6H04Mvkukz0ocw=
17,9,aRTeODvIU1EKXYNZS8iHAXXlVik=,HyI8v5d+w9GdVqs5L9dSlJNhEZ8=
18,6,aRTeODvIU1EKXYNZS8iHAXXlVik=,iIWjvixI+/DJx7utL9v5yXCDqp4=
19,9,aRTeODvIU1EKXYNZS8iHAXXlVik=,HyI8v5d+w9GdVqs5L9dSlJNhEZ8=
20,3,aRTeODvIU1EKXYNZS8iHAXXlVik=,qTjnKqJg2sTgctKdQGAaG4Jo2js=
17,2,aRTeODvIU1EKXYNZS8iHAXXlVik=,BjvIizxuCcXzw6H04Mvkukz0ocw=
18,1,aRTeODvIU1EKXYNZS8iHAXXlVik=,BjvIizxuCcXzw6H04Mvkukz0ocw=
18,2,aRTeODvIU1EKXYNZS8iHAXXlVik=,BjvIizxuCcXzw6H04Mvkukz0ocw=
20,2,aRTeODvIU1EKXYNZS8iHAXXlVik=,qTjnKqJg2sTgctKdQGAaG4Jo2js=
19,6,aRTeODvIU1EKXYNZS8iHAXXlVik=,iIWjvixI+/DJx7utL9v5yXCDqp4=
20,1,aRTeODvIU1EKXYNZS8iHAXXlVik=,qTjnKqJg2sTgctKdQGAaG4Jo2js=
20,7,aRTeODvIU1EKXYNZS8iHAXXlVik=,qTjnKqJg2sTgctKdQGAaG4Jo2js=
19,1,aRTeODvIU1EKXYNZS8iHAXXlVik=,BjvIizxuCcXzw6H04Mvkukz0ocw=
17,6,aRTeODvIU1EKXYNZS8iHAXXlVik=,iIWjvixI+/DJx7utL9v5yXCDqp4=
19,5,aRTeODvIU1EKXYNZS8iHAXXlVik=,iIWjvixI+/DJx7utL9v5yXCDqp4=
17,4,aRTeODvIU1EKXYNZS8iHAXXlVik=,iIWjvixI+/DJx7utL9v5yXCDqp4=
17,3,aRTeODvIU1EKXYNZS8iHAXXlVik=,BjvIizxuCcXzw6H04Mvkukz0ocw=
17,7,aRTeODvIU1EKXYNZS8iHAXXlVik=,iIWjvixI+/DJx7utL9v5yXCDqp4=
19,3,aRTeODvIU1EKXYNZS8iHAXXlVik=,BjvIizxuCcXzw6H04Mvkukz0ocw=
20,6,aRTeODvIU1EKXYNZS8iHAXXlVik=,qTjnKqJg2sTgctKdQGAaG4Jo2js=
17,5,aRTeODvIU1EKXYNZS8iHAXXlVik=,iIWjvixI+/DJx7utL9v5yXCDqp4=
19,8,aRTeODvIU1EKXYNZS8iHAXXlVik=,HyI8v5d+w9GdVqs5L9dSlJNhEZ8=
18,7,aRTeODvIU1EKXYNZS8iHAXXlVik=,iIWjvixI+/DJx7utL9v5yXCDqp4=
18,8,aRTeODvIU1EKXYNZS8iHAXXlVik=,HyI8v5d+w9GdVqs5L9dSlJNhEZ8=
19,2,aRTeODvIU1EKXYNZS8iHAXXlVik=,BjvIizxuCcXzw6H04Mvkukz0ocw=
17,8,aRTeODvIU1EKXYNZS8iHAXXlVik=,HyI8v5d+w9GdVqs5L9dSlJNhEZ8=
19,7,aRTeODvIU1EKXYNZS8iHAXXlVik=,iIWjvixI+/DJx7utL9v5yXCDqp4=
18,4,aRTeODvIU1EKXYNZS8iHAXXlVik=,iIWjvixI+/DJx7utL9v5yXCDqp4=
20,5,aRTeODvIU1EKXYNZS8iHAXXlVik=,qTjnKqJg2sTgctKdQGAaG4Jo2js=
18,3,aRTeODvIU1EKXYNZS8iHAXXlVik=,BjvIizxuCcXzw6H04Mvkukz0ocw=
18,5,aRTeODvIU1EKXYNZS8iHAXXlVik=,iIWjvixI+/DJx7utL9v5yXCDqp4=
19,4,aRTeODvIU1EKXYNZS8iHAXXlVik=,iIWjvixI+/DJx7utL9v5yXCDqp4=
20,4,aRTeODvIU1EKXYNZS8iHAXXlVik=,qTjnKqJg2sTgctKdQGAaG4Jo2js=
20,8,aRTeODvIU1EKXYNZS8iHAXXlVik=,K+PRfzjbsZ28qvRXvBEwIuh35og=
27,10,aRTeODvIU1EKXYNZS8iHAXXlVik=,YLBSBQD4f/ur0VSs8/b6ESvMgc4=
16,9,aRTeODvIU1EKXYNZS8iHAXXlVik=,HyI8v5d+w9GdVqs5L9dSlJNhEZ8=
16,10,aRTeODvIU1EKXYNZS8iHAXXlVik=,HyI8v5d+w9GdVqs5L9dSlJNhEZ8=
17,14,aRTeODvIU1EKXYNZS8iHAXXlVik=,Jh7E8g9S9JDwDHCumAr9DSllir0=
17,13,aRTeODvIU1EKXYNZS8iHAXXlVik=,Jh7E8g9S9JDwDHCumAr9DSllir0=
27,9,aRTeODvIU1EKXYNZS8iHAXXlVik=,YLBSBQD4f/ur0VSs8/b6ESvMgc4=
17,12,aRTeODvIU1EKXYNZS8iHAXXlVik=,Jh7E8g9S9JDwDHCumAr9DSllir0=
17,11,aRTeODvIU1EKXYNZS8iHAXXlVik=,HyI8v5d+w9GdVqs5L9dSlJNhEZ8=
16,13,aRTeODvIU1EKXYNZS8iHAXXlVik=,Jh7E8g9S9JDwDHCumAr9DSllir0=
18,11,aRTeODvIU1EKXYNZS8iHAXXlVik=,HyI8v5d+w9GdVqs5L9dSlJNhEZ8=
18,14,aRTeODvIU1EKXYNZS8iHAXXlVik=,Jh7E8g9S9JDwDHCumAr9DSllir0=
16,11,aRTeODvIU1EKXYNZS8iHAXXlVik=,HyI8v5d+w9GdVqs5L9dSlJNhEZ8=
18,13,aRTeODvIU1EKXYNZS8iHAXXlVik=,Jh7E8g9S9JDwDHCumAr9DSllir0=
18,15,aRTeODvIU1EKXYNZS8iHAXXlVik=,Jh7E8g9S9JDwDHCumAr9DSllir0=
18,12,aRTeODvIU1EKXYNZS8iHAXXlVik=,Jh7E8g9S9JDwDHCumAr9DSllir0=
17,15,aRTeODvIU1EKXYNZS8iHAXXlVik=,Jh7E8g9S9JDwDHCumAr9DSllir0=
16,7,aRTeODvIU1EKXYNZS8iHAXXlVik=,iIWjvixI+/DJx7utL9v5yXCDqp4=
16,6,aRTeODvIU1EKXYNZS8iHAXXlVik=,iIWjvixI+/DJx7utL9v5yXCDqp4=
16,5,aRTeODvIU1EKXYNZS8iHAXXlVik=,iIWjvixI+/DJx7utL9v5yXCDqp4=
16,8,aRTeODvIU1EKXYNZS8iHAXXlVik=,HyI8v5d+w9GdVqs5L9dSlJNhEZ8=
16,12,aRTeODvIU1EKXYNZS8iHAXXlVik=,Jh7E8g9S9JDwDHCumAr9DSllir0=
16,1,aRTeODvIU1EKXYNZS8iHAXXlVik=,BjvIizxuCcXzw6H04Mvkukz0ocw=
16,2,aRTeODvIU1EKXYNZS8iHAXXlVik=,BjvIizxuCcXzw6H04Mvkukz0ocw=
18,0,aRTeODvIU1EKXYNZS8iHAXXlVik=,BjvIizxuCcXzw6H04Mvkukz0ocw=
16,3,aRTeODvIU1EKXYNZS8iHAXXlVik=,BjvIizxuCcXzw6H04Mvkukz0ocw=
17,0,aRTeODvIU1EKXYNZS8iHAXXlVik=,BjvIizxuCcXzw6H04Mvkukz0ocw=
26,13,aRTeODvIU1EKXYNZS8iHAXXlVik=,YLBSBQD4f/ur0VSs8/b6ESvMgc4=
25,13,aRTeODvIU1EKXYNZS8iHAXXlVik=,YLBSBQD4f/ur0VSs8/b6ESvMgc4=
27,13,aRTeODvIU1EKXYNZS8iHAXXlVik=,YLBSBQD4f/ur0VSs8/b6ESvMgc4=
25,14,aRTeODvIU1EKXYNZS8iHAXXlVik=,YLBSBQD4f/ur0VSs8/b6ESvMgc4=
25,11,aRTeODvIU1EKXYNZS8iHAXXlVik=,YLBSBQD4f/ur0VSs8/b6ESvMgc4=
26,14,aRTeODvIU1EKXYNZS8iHAXXlVik=,YLBSBQD4f/ur0VSs8/b6ESvMgc4=
27,14,aRTeODvIU1EKXYNZS8iHAXXlVik=,YLBSBQD4f/ur0VSs8/b6ESvMgc4=
26,11,aRTeODvIU1EKXYNZS8iHAXXlVik=,YLBSBQD4f/ur0VSs8/b6ESvMgc4=
26,15,aRTeODvIU1EKXYNZS8iHAXXlVik=,YLBSBQD4f/ur0VSs8/b6ESvMgc4=
25,15,aRTeODvIU1EKXYNZS8iHAXXlVik=,YLBSBQD4f/ur0VSs8/b6ESvMgc4=
25,12,aRTeODvIU1EKXYNZS8iHAXXlVik=,YLBSBQD4f/ur0VSs8/b6ESvMgc4=
26,12,aRTeODvIU1EKXYNZS8iHAXXlVik=,YLBSBQD4f/ur0VSs8/b6ESvMgc4=
27,12,aRTeODvIU1EKXYNZS8iHAXXlVik=,YLBSBQD4f/ur0VSs8/b6ESvMgc4=
27,11,aRTeODvIU1EKXYNZS8iHAXXlVik=,YLBSBQD4f/ur0VSs8/b6ESvMgc4=
19,0,aRTeODvIU1EKXYNZS8iHAXXlVik=,BjvIizxuCcXzw6H04Mvkukz0ocw=
16,4,aRTeODvIU1EKXYNZS8iHAXXlVik=,iIWjvixI+/DJx7utL9v5yXCDqp4=
22,0,aRTeODvIU1EKXYNZS8iHAXXlVik=,qTjnKqJg2sTgctKdQGAaG4Jo2js=
26,0,aRTeODvIU1EKXYNZS8iHAXXlVik=,YLBSBQD4f/ur0VSs8/b6ESvMgc4=
25,0,aRTeODvIU1EKXYNZS8iHAXXlVik=,YLBSBQD4f/ur0VSs8/b6ESvMgc4=
21,0,aRTeODvIU1EKXYNZS8iHAXXlVik=,qTjnKqJg2sTgctKdQGAaG4Jo2js=
23,0,aRTeODvIU1EKXYNZS8iHAXXlVik=,qTjnKqJg2sTgctKdQGAaG4Jo2js=
27,15,aRTeODvIU1EKXYNZS8iHAXXlVik=,YLBSBQD4f/ur0VSs8/b6ESvMgc4=
24,0,aRTeODvIU1EKXYNZS8iHAXXlVik=,YLBSBQD4f/ur0VSs8/b6ESvMgc4=
16,0,aRTeODvIU1EKXYNZS8iHAXXlVik=,BjvIizxuCcXzw6H04Mvkukz0ocw=
28,1,aRTeODvIU1EKXYNZS8iHAXXlVik=,YLBSBQD4f/ur0VSs8/b6ESvMgc4=
29,1,aRTeODvIU1EKXYNZS8iHAXXlVik=,YLBSBQD4f/ur0VSs8/b6ESvMgc4=
30,1,aRTeODvIU1EKXYNZS8iHAXXlVik=,YLBSBQD4f/ur0VSs8/b6ESvMgc4=
31,1,aRTeODvIU1EKXYNZS8iHAXXlVik=,YLBSBQD4f/ur0VSs8/b6ESvMgc4=
27,1,aRTeODvIU1EKXYNZS8iHAXXlVik=,YLBSBQD4f/ur0VSs8/b6ESvMgc4=
28,2,aRTeODvIU1EKXYNZS8iHAXXlVik=,YLBSBQD4f/ur0VSs8/b6ESvMgc4=
29,2,aRTeODvIU1EKXYNZS8iHAXXlVik=,YLBSBQD4f/ur0VSs8/b6ESvMgc4=
27,2,aRTeODvIU1EKXYNZS8iHAXXlVik=,YLBSBQD4f/ur0VSs8/b6ESvMgc4=
29,0,aRTeODvIU1EKXYNZS8iHAXXlVik=,YLBSBQD4f/ur0VSs8/b6ESvMgc4=
28,0,aRTeODvIU1EKXYNZS8iHAXXlVik=,YLBSBQD4f/ur0VSs8/b6ESvMgc4=
30,2,aRTeODvIU1EKXYNZS8iHAXXlVik=,YLBSBQD4f/ur0VSs8/b6ESvMgc4=
31,2,aRTeODvIU1EKXYNZS8iHAXXlVik=,YLBSBQD4f/ur0VSs8/b6ESvMgc4=
30,0,aRTeODvIU1EKXYNZS8iHAXXlVik=,YLBSBQD4f/ur0VSs8/b6ESvMgc4=
27,0,aRTeODvIU1EKXYNZS8iHAXXlVik=,YLBSBQD4f/ur0VSs8/b6ESvMgc4=
31,0,aRTeODvIU1EKXYNZS8iHAXXlVik=,YLBSBQD4f/ur0VSs8/b6ESvMgc4=
16,15,aRTeODvIU1EKXYNZS8iHAXXlVik=,Jh7E8g9S9JDwDHCumAr9DSllir0=
20,0,aRTeODvIU1EKXYNZS8iHAXXlVik=,qTjnKqJg2sTgctKdQGAaG4Jo2js=
16,14,aRTeODvIU1EKXYNZS8iHAXXlVik=,Jh7E8g9S9JDwDHCumAr9DSllir0=
28,3,aRTeODvIU1EKXYNZS8iHAXXlVik=,YLBSBQD4f/ur0VSs8/b6ESvMgc4=
28,5,aRTeODvIU1EKXYNZS8iHAXXlVik=,PhQCCaOrOqIAFIPOXrX2z5l4Ui4=
29,3,aRTeODvIU1EKXYNZS8iHAXXlVik=,YLBSBQD4f/ur0VSs8/b6ESvMgc4=
27,3,aRTeODvIU1EKXYNZS8iHAXXlVik=,YLBSBQD4f/ur0VSs8/b6ESvMgc4=
27,6,aRTeODvIU1EKXYNZS8iHAXXlVik=,YLBSBQD4f/ur0VSs8/b6ESvMgc4=
27,7,aRTeODvIU1EKXYNZS8iHAXXlVik=,YLBSBQD4f/ur0VSs8/b6ESvMgc4=
27,8,aRTeODvIU1EKXYNZS8iHAXXlVik=,YLBSBQD4f/ur0VSs8/b6ESvMgc4=
28,6,aRTeODvIU1EKXYNZS8iHAXXlVik=,PhQCCaOrOqIAFIPOXrX2z5l4Ui4=
27,5,aRTeODvIU1EKXYNZS8iHAXXlVik=,YLBSBQD4f/ur0VSs8/b6ESvMgc4=
31,4,aRTeODvIU1EKXYNZS8iHAXXlVik=,PhQCCaOrOqIAFIPOXrX2z5l4Ui4=
28,7,aRTeODvIU1EKXYNZS8iHAXXlVik=,PhQCCaOrOqIAFIPOXrX2z5l4Ui4=
30,4,aRTeODvIU1EKXYNZS8iHAXXlVik=,PhQCCaOrOqIAFIPOXrX2z5l4Ui4=
31,3,aRTeODvIU1EKXYNZS8iHAXXlVik=,YLBSBQD4f/ur0VSs8/b6ESvMgc4=
27,4,aRTeODvIU1EKXYNZS8iHAXXlVik=,YLBSBQD4f/ur0VSs8/b6ESvMgc4=
28,4,aRTeODvIU1EKXYNZS8iHAXXlVik=,PhQCCaOrOqIAFIPOXrX2z5l4Ui4=
30,3,aRTeODvIU1EKXYNZS8iHAXXlVik=,YLBSBQD4f/ur0VSs8/b6ESvMgc4=
29,4,aRTeODvIU1EKXYNZS8iHAXXlVik=,PhQCCaOrOqIAFIPOXrX2z5l4Ui4=
24,12,aRTeODvIU1EKXYNZS8iHAXXlVik=,YLBSBQD4f/ur0VSs8/b6ESvMgc4=
19,14,aRTeODvIU1EKXYNZS8iHAXXlVik=,Jh7E8g9S9JDwDHCumAr9DSllir0=
22,14,aRTeODvIU1EKXYNZS8iHAXXlVik=,K+PRfzjbsZ28qvRXvBEwIuh35og=
23,14,aRTeODvIU1EKXYNZS8iHAXXlVik=,K+PRfzjbsZ28qvRXvBEwIuh35og=
21,14,aRTeODvIU1EKXYNZS8iHAXXlVik=,K+PRfzjbsZ28qvRXvBEwIuh35og=
23,12,aRTeODvIU1EKXYNZS8iHAXXlVik=,K+PRfzjbsZ28qvRXvBEwIuh35og=
20,13,aRTeODvIU1EKXYNZS8iHAXXlVik=,K+PRfzjbsZ28qvRXvBEwIuh35og=
21,12,aRTeODvIU1EKXYNZS8iHAXXlVik=,K+PRfzjbsZ28qvRXvBEwIuh35og=
22,12,aRTeODvIU1EKXYNZS8iHAXXlVik=,K+PRfzjbsZ28qvRXvBEwIuh35og=
19,12,aRTeODvIU1EKXYNZS8iHAXXlVik=,Jh7E8g9S9JDwDHCumAr9DSllir0=
20,12,aRTeODvIU1EKXYNZS8iHAXXlVik=,K+PRfzjbsZ28qvRXvBEwIuh35og=
19,11,aRTeODvIU1EKXYNZS8iHAXXlVik=,HyI8v5d+w9GdVqs5L9dSlJNhEZ8=
24,15,aRTeODvIU1EKXYNZS8iHAXXlVik=,YLBSBQD4f/ur0VSs8/b6ESvMgc4=
19,13,aRTeODvIU1EKXYNZS8iHAXXlVik=,Jh7E8g9S9JDwDHCumAr9DSllir0=
23,11,aRTeODvIU1EKXYNZS8iHAXXlVik=,K+PRfzjbsZ28qvRXvBEwIuh35og=
22,11,aRTeODvIU1EKXYNZS8iHAXXlVik=,K+PRfzjbsZ28qvRXvBEwIuh35og=
21,15,aRTeODvIU1EKXYNZS8iHAXXlVik=,K+PRfzjbsZ28qvRXvBEwIuh35og=
23,15,aRTeODvIU1EKXYNZS8iHAXXlVik=,K+PRfzjbsZ28qvRXvBEwIuh35og=
20,11,aRTeODvIU1EKXYNZS8iHAXXlVik=,K+PRfzjbsZ28qvRXvBEwIuh35og=
20,14,aRTeODvIU1EKXYNZS8iHAXXlVik=,K+PRfzjbsZ28qvRXvBEwIuh35og=
20,15,aRTeODvIU1EKXYNZS8iHAXXlVik=,K+PRfzjbsZ28qvRXvBEwIuh35og=
24,14,aRTeODvIU1EKXYNZS8iHAXXlVik=,YLBSBQD4f/ur0VSs8/b6ESvMgc4=
23,13,aRTeODvIU1EKXYNZS8iHAXXlVik=,K+PRfzjbsZ28qvRXvBEwIuh35og=
19,15,aRTeODvIU1EKXYNZS8iHAXXlVik=,Jh7E8g9S9JDwDHCumAr9DSllir0=
22,15,aRTeODvIU1EKXYNZS8iHAXXlVik=,K+PRfzjbsZ28qvRXvBEwIuh35og=
21,11,aRTeODvIU1EKXYNZS8iHAXXlVik=,K+PRfzjbsZ28qvRXvBEwIuh35og=
24,13,aRTeODvIU1EKXYNZS8iHAXXlVik=,YLBSBQD4f/ur0VSs8/b6ESvMgc4=
24,11,aRTeODvIU1EKXYNZS8iHAXXlVik=,YLBSBQD4f/ur0VSs8/b6ESvMgc4=
22,13,aRTeODvIU1EKXYNZS8iHAXXlVik=,K+PRfzjbsZ28qvRXvBEwIuh35og=
21,13,aRTeODvIU1EKXYNZS8iHAXXlVik=,K+PRfzjbsZ28qvRXvBEwIuh35og=
